 S  3212 34.649  0.00111 0.00026  0.39  1.08 59.377 136.989 112.659 21.425 73415.880
 S  3212 35.019  0.00122 0.00025  1.05  1.07 60.128 136.354 112.319 21.467 73402.383
 S  3212 35.306  0.00136 0.00026  1.78  1.08 60.648 135.880 112.083 21.499 73392.610
 S  3212 35.562  0.00153 0.00027  2.62  1.15 60.990 135.559 111.929 21.520 73387.387
 S  3212 35.799  0.00173 0.00031  3.53  1.29 61.240 135.314 111.816 21.536 73383.650
 S  3212 36.025  0.00194 0.00035  4.51  1.47 61.463 135.090 111.715 21.551 73378.909
 S  3212 36.243  0.00216 0.00039  5.53  1.63 61.665 134.882 111.623 21.565 73375.695
 S  3212 36.454  0.00238 0.00042  6.58  1.75 61.918 134.615 111.509 21.583 73371.065
 S  3212 36.643  0.00261 0.00044  7.59  1.85 62.127 134.389 111.415 21.598 73366.985
 S  3212 36.819  0.00282 0.00045  8.52  1.91 62.263 134.241 111.353 21.608 73364.823
 S  3212 36.988  0.00299 0.00046  9.32  1.93 62.378 134.113 111.301 21.616 73362.641
 S  3212 37.150  0.00314 0.00045  9.95  1.90 62.465 134.014 111.261 21.623 73361.006
 S  3212 37.310  0.00324 0.00045 10.43  1.86 62.521 133.952 111.236 21.627 73360.124
 S  3212 37.474  0.00332 0.00044 10.83  1.84 62.590 133.873 111.204 21.632 73358.957
 S  3212 37.641  0.00339 0.00044 11.20  1.82 62.719 133.724 111.146 21.642 73356.126
 S  3212 37.800  0.00347 0.00043 11.57  1.80 62.810 133.619 111.105 21.649 73354.600
 S  3212 37.961  0.00355 0.00042 12.00  1.77 62.910 133.500 111.059 21.657 73353.278
 S  3212 38.121  0.00366 0.00043 12.53  1.78 63.026 133.361 111.006 21.666 73350.567
 S  3212 38.275  0.00378 0.00044 13.12  1.84 63.165 133.193 110.943 21.678 73348.181
 S  3212 38.418  0.00392 0.00045 13.74  1.90 63.269 133.066 110.896 21.686 73345.646
 S  3212 38.554  0.00405 0.00046 14.34  1.91 63.341 132.977 110.864 21.692 73344.822
 S  3212 38.690  0.00418 0.00045 14.93  1.89 63.397 132.906 110.838 21.697 73343.596
 S  3212 38.825  0.00430 0.00044 15.48  1.84 63.461 132.827 110.809 21.702 73342.357
 S  3212 38.960  0.00441 0.00043 16.01  1.81 63.581 132.674 110.754 21.712 73340.031
 S  3212 39.082  0.00450 0.00042 16.40  1.78 63.638 132.602 110.728 21.717 73338.842
 S  3212 39.202  0.00455 0.00042 16.63  1.76 63.672 132.558 110.712 21.720 73338.360
 S  3212 39.321  0.00457 0.00041 16.72  1.73 63.696 132.528 110.701 21.722 73337.913
 S  3212 39.443  0.00456 0.00040 16.71  1.69 63.726 132.489 110.687 21.724 73337.435
 S  3212 39.567  0.00454 0.00039 16.66  1.64 63.770 132.432 110.667 21.728 73336.448
 S  3212 39.691  0.00451 0.00038 16.61  1.59 63.825 132.361 110.642 21.733 73335.540
 S  3212 39.815  0.00450 0.00037 16.60  1.54 63.876 132.294 110.619 21.737 73334.317
 S  3212 39.937  0.00450 0.00035 16.66  1.49 63.928 132.225 110.595 21.742 73333.464
 S  3212 40.062  0.00451 0.00035 16.81  1.46 64.001 132.128 110.562 21.749 73331.767
 S  3212 40.179  0.00454 0.00035 16.99  1.46 64.068 132.038 110.531 21.755 73330.484
 S  3212 40.294  0.00457 0.00035 17.17  1.47 64.120 131.967 110.507 21.759 73329.715
 S  3212 40.407  0.00461 0.00035 17.35  1.46 64.166 131.906 110.486 21.763 73328.727
 S  3212 40.519  0.00463 0.00034 17.51  1.44 64.215 131.840 110.464 21.768 73327.818
 S  3212 40.630  0.00465 0.00034 17.64  1.43 64.258 131.780 110.444 21.772 73326.964
 S  3212 40.739  0.00467 0.00034 17.74  1.45 64.305 131.716 110.422 21.776 73326.099
 S  3212 40.846  0.00467 0.00035 17.79  1.47 64.350 131.653 110.401 21.780 73325.078
 S  3212 40.951  0.00466 0.00035 17.79  1.48 64.386 131.603 110.385 21.784 73324.439
 S  3212 41.055  0.00464 0.00036 17.74  1.51 64.419 131.558 110.370 21.787 73323.810
 S  3212 41.159  0.00461 0.00036 17.66  1.55 64.452 131.511 110.355 21.790 73323.111
 S  3212 41.262  0.00458 0.00037 17.55  1.57 64.486 131.465 110.339 21.793 73322.472
 S  3212 41.365  0.00454 0.00038 17.45  1.59 64.521 131.415 110.323 21.796 73321.767
 S  3212 41.467  0.00451 0.00038 17.36  1.61 64.555 131.367 110.307 21.799 73321.117
 S  3212 41.569  0.00449 0.00038 17.30  1.61 64.595 131.310 110.289 21.803 73320.341
 S  3212 41.670  0.00447 0.00038 17.27  1.60 64.639 131.248 110.269 21.807 73319.387
 S  3212 41.768  0.00445 0.00038 17.24  1.60 64.671 131.201 110.254 21.810 73318.761
 S  3212 41.865  0.00444 0.00038 17.22  1.63 64.702 131.158 110.240 21.813 73318.172
 S  3212 41.962  0.00443 0.00039 17.21  1.67 64.733 131.112 110.225 21.816 73317.541
 S  3212 42.058  0.00442 0.00040 17.19  1.72 64.768 131.061 110.209 21.820 73316.812
 S  3212 42.151  0.00440 0.00041 17.14  1.76 64.799 131.016 110.194 21.823 73316.172
 S  3212 42.243  0.00438 0.00042 17.05  1.80 64.825 130.979 110.183 21.825 73315.667
 S  3212 42.334  0.00434 0.00043 16.91  1.82 64.845 130.950 110.173 21.827 73315.265
 S  3212 42.425  0.00429 0.00043 16.72  1.83 64.864 130.922 110.164 21.829 73314.888
 S  3212 42.516  0.00423 0.00043 16.48  1.83 64.883 130.895 110.155 21.831 73314.505
 S  3212 42.606  0.00416 0.00043 16.22  1.84 64.900 130.870 110.147 21.832 73314.153
 S  3212 42.697  0.00409 0.00043 15.95  1.85 64.917 130.846 110.139 21.834 73313.834
 S  3212 42.789  0.00402 0.00044 15.71  1.87 64.936 130.819 110.131 21.836 73313.463
 S  3212 42.882  0.00397 0.00044 15.51  1.86 64.961 130.781 110.119 21.838 73312.956
 S  3212 42.975  0.00392 0.00043 15.36  1.84 64.992 130.735 110.104 21.841 73312.323
 S  3212 43.067  0.00388 0.00043 15.24  1.83 65.027 130.683 110.088 21.845 73311.548
 S  3212 43.156  0.00384 0.00043 15.13  1.84 65.053 130.644 110.076 21.847 73311.026
 S  3212 43.245  0.00381 0.00044 15.02  1.88 65.073 130.615 110.067 21.849 73310.662
 S  3212 43.334  0.00378 0.00045 14.92  1.96 65.089 130.591 110.059 21.851 73310.333
 S  3212 43.425  0.00375 0.00048 14.86  2.07 65.115 130.553 110.047 21.854 73309.902
 S  3212 43.515  0.00373 0.00049 14.85  2.13 65.152 130.495 110.030 21.857 73308.963
 S  3212 43.603  0.00372 0.00049 14.84  2.13 65.186 130.444 110.014 21.861 73308.338
 S  3212 43.690  0.00371 0.00049 14.85  2.11 65.210 130.408 110.003 21.863 73307.872
 S  3212 43.776  0.00370 0.00048 14.86  2.10 65.233 130.372 109.992 21.866 73307.397
 S  3212 43.861  0.00370 0.00048 14.88  2.12 65.259 130.334 109.981 21.868 73306.875
 S  3212 43.947  0.00369 0.00050 14.89  2.17 65.286 130.292 109.968 21.871 73306.300
 S  3212 44.030  0.00369 0.00051 14.90  2.23 65.310 130.254 109.957 21.873 73305.801
 S  3212 44.113  0.00368 0.00052 14.91  2.28 65.330 130.224 109.947 21.875 73305.396
 S  3212 44.196  0.00367 0.00052 14.92  2.30 65.351 130.192 109.937 21.878 73304.984
 S  3212 44.279  0.00367 0.00051 14.95  2.26 65.374 130.156 109.927 21.880 73304.497
 S  3212 44.361  0.00368 0.00049 15.01  2.16 65.400 130.116 109.915 21.883 73303.964
 S  3212 44.443  0.00369 0.00046 15.09  2.04 65.428 130.072 109.902 21.886 73303.376
 S  3212 44.522  0.00370 0.00045 15.18  1.99 65.452 130.034 109.890 21.888 73302.873
 S  3212 44.600  0.00371 0.00046 15.26  2.02 65.472 130.003 109.881 21.890 73302.461
 S  3212 44.678  0.00373 0.00047 15.33  2.08 65.490 129.975 109.873 21.892 73302.104
 S  3212 44.755  0.00374 0.00049 15.40  2.15 65.508 129.948 109.864 21.894 73301.741
 S  3212 44.832  0.00375 0.00050 15.45  2.22 65.526 129.919 109.856 21.896 73301.354
 S  3212 44.907  0.00375 0.00051 15.48  2.25 65.543 129.892 109.848 21.898 73300.984
 S  3212 44.982  0.00375 0.00051 15.49  2.26 65.557 129.870 109.841 21.899 73300.699
 S  3212 45.057  0.00375 0.00051 15.49  2.26 65.571 129.850 109.835 21.900 73300.426
 S  3212 45.131  0.00375 0.00052 15.48  2.29 65.584 129.829 109.828 21.902 73300.154
 S  3212 45.205  0.00375 0.00052 15.47  2.30 65.597 129.809 109.822 21.903 73299.882
 S  3212 45.279  0.00374 0.00052 15.45  2.28 65.610 129.787 109.816 21.905 73299.595
 S  3212 45.352  0.00374 0.00051 15.44  2.26 65.624 129.766 109.809 21.906 73299.309
 S  3212 45.425  0.00373 0.00052 15.42  2.28 65.637 129.746 109.803 21.907 73299.041
 S  3212 45.497  0.00373 0.00053 15.39  2.34 65.649 129.728 109.798 21.908 73298.792
 S  3212 45.569  0.00372 0.00054 15.34  2.38 65.660 129.711 109.792 21.910 73298.564
 S  3212 45.641  0.00370 0.00054 15.26  2.38 65.669 129.695 109.788 21.911 73298.357
 S  3212 45.712  0.00368 0.00053 15.15  2.30 65.678 129.682 109.784 21.912 73298.184
 S  3212 45.784  0.00365 0.00050 15.02  2.18 65.685 129.671 109.780 21.912 73298.034
 S  3212 45.855  0.00361 0.00048 14.86  2.10 65.692 129.661 109.777 21.913 73297.894
 S  3212 45.927  0.00357 0.00048 14.68  2.12 65.699 129.651 109.773 21.914 73297.751
 S  3212 46.000  0.00353 0.00050 14.51  2.21 65.706 129.639 109.770 21.914 73297.591
 S  3212 46.073  0.00349 0.00053 14.35  2.30 65.716 129.624 109.765 21.915 73297.395
 S  3212 46.146  0.00346 0.00054 14.23  2.36 65.729 129.604 109.759 21.917 73297.132
 S  3212 46.220  0.00343 0.00053 14.15  2.34 65.744 129.579 109.752 21.918 73296.803
 S  3212 46.294  0.00341 0.00052 14.10  2.28 65.762 129.551 109.743 21.920 73296.420
 S  3212 46.366  0.00340 0.00051 14.08  2.24 65.779 129.523 109.735 21.922 73296.071
 S  3212 46.439  0.00340 0.00051 14.08  2.23 65.796 129.495 109.727 21.924 73295.703
 S  3212 46.510  0.00339 0.00051 14.08  2.23 65.813 129.468 109.719 21.926 73295.335
 S  3212 46.581  0.00339 0.00050 14.06  2.22 65.826 129.447 109.713 21.927 73295.065
 S  3212 46.651  0.00338 0.00050 14.03  2.22 65.838 129.427 109.707 21.929 73294.817
 S  3212 46.720  0.00337 0.00050 13.97  2.21 65.850 129.408 109.701 21.930 73294.555
 S  3212 46.790  0.00335 0.00050 13.89  2.20 65.862 129.389 109.696 21.931 73294.313
 S  3212 46.858  0.00332 0.00050 13.78  2.19 65.872 129.373 109.691 21.932 73294.097
 S  3212 46.927  0.00329 0.00050 13.65  2.19 65.882 129.358 109.686 21.933 73293.900
 S  3212 46.996  0.00326 0.00050 13.51  2.20 65.891 129.343 109.682 21.934 73293.695
 S  3212 47.064  0.00322 0.00050 13.36  2.20 65.901 129.327 109.677 21.935 73293.488
 S  3212 47.133  0.00319 0.00050 13.21  2.18 65.913 129.308 109.672 21.936 73293.252
 S  3212 47.201  0.00315 0.00049 13.05  2.15 65.925 129.288 109.666 21.938 73292.982
 S  3212 47.268  0.00311 0.00048 12.89  2.11 65.935 129.273 109.661 21.939 73292.782
 S  3212 47.336  0.00308 0.00047 12.72  2.08 65.942 129.261 109.657 21.940 73292.671
 S  3212 47.403  0.00304 0.00047 12.56  2.07 65.951 129.246 109.653 21.941 73292.400
 S  3212 47.470  0.00300 0.00047 12.38  2.06 65.964 129.226 109.647 21.942 73292.127
 S  3212 47.537  0.00295 0.00047 12.19  2.04 65.973 129.210 109.642 21.943 73291.958
 S  3212 47.603  0.00291 0.00046 11.98  2.01 65.982 129.197 109.638 21.944 73291.780
 S  3212 47.669  0.00285 0.00045 11.74  1.95 65.988 129.187 109.635 21.945 73291.618
 S  3212 47.735  0.00280 0.00043 11.48  1.86 65.994 129.178 109.632 21.945 73291.516
 S  3212 47.801  0.00273 0.00041 11.21  1.79 66.000 129.169 109.629 21.946 73291.390
 S  3212 47.867  0.00267 0.00040 10.93  1.75 66.007 129.158 109.626 21.946 73291.249
 S  3212 47.934  0.00261 0.00039 10.65  1.72 66.014 129.147 109.623 21.947 73291.093
 S  3212 48.001  0.00254 0.00039 10.38  1.69 66.022 129.133 109.618 21.948 73290.924
 S  3212 48.067  0.00248 0.00038 10.12  1.67 66.031 129.118 109.614 21.949 73290.707
 S  3212 48.134  0.00242 0.00038  9.87  1.64 66.042 129.100 109.609 21.950 73290.489
 S  3212 48.201  0.00236 0.00037  9.63  1.61 66.054 129.082 109.603 21.952 73290.239
 S  3212 48.267  0.00231 0.00036  9.40  1.58 66.065 129.063 109.598 21.953 73289.995
 S  3212 48.333  0.00225 0.00035  9.17  1.54 66.076 129.045 109.593 21.954 73289.762
 S  3212 48.398  0.00219 0.00034  8.93  1.50 66.086 129.029 109.588 21.955 73289.556
 S  3212 48.463  0.00214 0.00033  8.68  1.46 66.095 129.014 109.583 21.956 73289.357
 S  3212 48.528  0.00208 0.00032  8.43  1.42 66.105 128.997 109.579 21.957 73289.146
 S  3212 48.593  0.00202 0.00032  8.17  1.38 66.114 128.984 109.575 21.958 73288.953
 S  3212 48.657  0.00196 0.00031  7.90  1.34 66.122 128.970 109.571 21.959 73288.788
 S  3212 48.721  0.00189 0.00030  7.62  1.30 66.129 128.959 109.567 21.960 73288.635
 S  3212 48.785  0.00183 0.00029  7.33  1.27 66.136 128.947 109.564 21.960 73288.486
 S  3212 48.849  0.00176 0.00029  7.04  1.25 66.144 128.934 109.560 21.961 73288.314
 S  3212 48.913  0.00169 0.00028  6.76  1.23 66.152 128.921 109.556 21.962 73288.138
 S  3212 48.976  0.00163 0.00028  6.47  1.22 66.160 128.908 109.552 21.963 73287.970
 S  3212 49.040  0.00156 0.00028  6.18  1.21 66.168 128.895 109.548 21.964 73287.792
 S  3212 49.103  0.00149 0.00028  5.89  1.20 66.176 128.882 109.544 21.965 73287.621
 S  3212 49.166  0.00143 0.00027  5.60  1.18 66.183 128.870 109.541 21.966 73287.464
 S  3212 49.229  0.00136 0.00026  5.31  1.14 66.190 128.860 109.538 21.966 73287.332
 S  3212 49.291  0.00129 0.00025  5.01  1.09 66.195 128.851 109.535 21.967 73287.214
 S  3212 49.354  0.00122 0.00024  4.71  1.04 66.200 128.843 109.532 21.967 73287.102
 S  3212 49.417  0.00115 0.00023  4.42  1.01 66.206 128.834 109.529 21.968 73286.978
 S  3212 49.480  0.00109 0.00023  4.13  1.01 66.212 128.824 109.526 21.969 73286.857
 S  3212 49.543  0.00102 0.00024  3.85  1.02 66.219 128.812 109.523 21.969 73286.749
 S  3212 49.606  0.00096 0.00024  3.59  1.03 66.229 128.796 109.518 21.971 73286.462
 S  3212 49.669  0.00090 0.00024  3.33  1.03 66.241 128.776 109.512 21.972 73286.227
 S  3212 49.731  0.00084 0.00024  3.08  1.03 66.247 128.766 109.509 21.973 73286.094
 S  3212 49.793  0.00078 0.00024  2.83  1.03 66.254 128.754 109.506 21.973 73285.949
 S  3212 49.856  0.00072 0.00024  2.58  1.02 66.263 128.741 109.502 21.974 73285.762
 S  3212 49.917  0.00066 0.00023  2.34  1.01 66.271 128.726 109.498 21.975 73285.572
 S  3212 49.979  0.00061 0.00023  2.10  0.99 66.277 128.717 109.495 21.976 73285.443
 S  3212 50.040  0.00055 0.00023  1.87  0.99 66.284 128.705 109.491 21.977 73285.296
 S  3212 50.101  0.00050 0.00023  1.64  0.98 66.291 128.695 109.488 21.977 73285.153
 S  3212 50.162  0.00045 0.00023  1.42  0.98 66.296 128.686 109.485 21.978 73285.039
 S  3212 50.223  0.00040 0.00023  1.20  0.98 66.300 128.679 109.483 21.978 73284.943
 S  3212 50.284  0.00035 0.00023  0.99  0.98 66.306 128.670 109.480 21.979 73284.819
 S  3212 50.345  0.00030 0.00023  0.79  0.97 66.313 128.659 109.477 21.980 73284.677
 S  3212 50.405  0.00025 0.00023  0.60  0.97 66.319 128.648 109.474 21.980 73284.534
 S  3212 50.466  0.00021 0.00023  0.42  0.97 66.326 128.638 109.471 21.981 73284.397
 S  3212 50.527  0.00017 0.00023  0.25  0.96 66.332 128.627 109.468 21.982 73284.255
 S  3212 50.588  0.00013 0.00023  0.09  0.96 66.340 128.615 109.464 21.983 73284.101
 S  3212 50.648  0.00009 0.00022 -0.06  0.96 66.346 128.604 109.461 21.983 73283.931
 S  3212 50.708  0.00006 0.00022 -0.21  0.96 66.352 128.594 109.458 21.984 73283.812
 S  3212 50.768  0.00003 0.00022 -0.34  0.96 66.358 128.585 109.455 21.985 73283.705
 S  3212 50.828  0.00000 0.00022 -0.47  0.95 66.363 128.576 109.452 21.985 73283.588
 S  3212 50.888 -0.00003 0.00022 -0.59  0.95 66.370 128.566 109.449 21.986 73283.430
 S  3212 50.948 -0.00006 0.00022 -0.69  0.95 66.376 128.555 109.446 21.987 73283.297
 S  3212 51.007 -0.00008 0.00022 -0.79  0.94 66.382 128.545 109.443 21.987 73283.164
 S  3212 51.067 -0.00010 0.00022 -0.88  0.94 66.388 128.535 109.440 21.988 73283.040
 S  3212 51.126 -0.00012 0.00022 -0.96  0.94 66.393 128.527 109.437 21.989 73282.926
 S  3212 51.185 -0.00014 0.00022 -1.03  0.93 66.398 128.519 109.435 21.989 73282.824
 S  3212 51.244 -0.00016 0.00022 -1.09  0.93 66.403 128.511 109.432 21.990 73282.716
 S  3212 51.303 -0.00017 0.00022 -1.14  0.92 66.408 128.502 109.430 21.990 73282.597
 S  3212 51.362 -0.00018 0.00022 -1.18  0.92 66.414 128.492 109.427 21.991 73282.464
 S  3212 51.421 -0.00019 0.00022 -1.22  0.91 66.419 128.485 109.424 21.991 73282.364
 S  3212 51.480 -0.00020 0.00021 -1.24  0.90 66.424 128.477 109.422 21.992 73282.253
 S  3212 51.539 -0.00020 0.00021 -1.26  0.90 66.430 128.468 109.419 21.992 73282.134
 S  3212 51.597 -0.00021 0.00021 -1.27  0.90 66.435 128.460 109.417 21.993 73282.024
 S  3212 51.656 -0.00021 0.00021 -1.27  0.90 66.439 128.452 109.414 21.993 73281.922
 S  3212 51.714 -0.00021 0.00021 -1.26  0.90 66.444 128.445 109.412 21.994 73281.825
 S  3212 51.773 -0.00020 0.00021 -1.25  0.90 66.450 128.435 109.409 21.995 73281.696
 S  3212 51.831 -0.00020 0.00021 -1.23  0.89 66.455 128.426 109.406 21.995 73281.578
 S  3212 51.890 -0.00020 0.00021 -1.21  0.89 66.460 128.418 109.404 21.996 73281.462
 S  3212 51.948 -0.00019 0.00021 -1.18  0.89 66.466 128.408 109.401 21.996 73281.339
 S  3212 52.006 -0.00018 0.00021 -1.14  0.89 66.470 128.401 109.399 21.997 73281.243
 S  3212 52.064 -0.00017 0.00021 -1.10  0.88 66.475 128.395 109.397 21.997 73281.149
 S  3212 52.121 -0.00016 0.00021 -1.06  0.88 66.479 128.387 109.394 21.998 73281.052
 S  3212 52.179 -0.00015 0.00021 -1.01  0.87 66.483 128.380 109.392 21.998 73280.955
 S  3212 52.237 -0.00014 0.00021 -0.95  0.87 66.488 128.373 109.390 21.999 73280.857
 S  3212 52.295 -0.00013 0.00021 -0.89  0.88 66.492 128.366 109.388 21.999 73280.758
 S  3212 52.352 -0.00011 0.00021 -0.83  0.88 66.497 128.358 109.385 22.000 73280.658
 S  3212 52.410 -0.00010 0.00021 -0.77  0.88 66.502 128.351 109.383 22.000 73280.557
 S  3212 52.468 -0.00008 0.00021 -0.71  0.88 66.507 128.343 109.380 22.001 73280.448
 S  3212 52.525 -0.00007 0.00021 -0.64  0.88 66.512 128.335 109.378 22.001 73280.336
 S  3212 52.583 -0.00005 0.00022 -0.57  0.89 66.515 128.328 109.376 22.002 73280.252
 S  3212 52.640 -0.00004 0.00022 -0.50  0.89 66.520 128.322 109.374 22.002 73280.160
 S  3212 52.697 -0.00002 0.00022 -0.43  0.89 66.525 128.313 109.371 22.003 73280.040
 S  3212 52.754 -0.00001 0.00022 -0.36  0.89 66.529 128.306 109.369 22.003 73279.951
 S  3212 52.811  0.00001 0.00022 -0.29  0.89 66.533 128.300 109.367 22.004 73279.867
 S  3212 52.868  0.00003 0.00022 -0.22  0.90 66.537 128.293 109.365 22.004 73279.769
 S  3212 52.926  0.00004 0.00022 -0.15  0.90 66.542 128.285 109.362 22.005 73279.668
 S  3212 52.982  0.00006 0.00022 -0.09  0.90 66.546 128.278 109.360 22.005 73279.571
 S  3212 53.039  0.00007 0.00022 -0.02  0.90 66.551 128.271 109.358 22.006 73279.475
 S  3212 53.096  0.00009 0.00022  0.04  0.90 66.555 128.264 109.356 22.006 73279.380
 S  3212 53.153  0.00010 0.00022  0.10  0.90 66.559 128.258 109.354 22.006 73279.291
 S  3212 53.210  0.00012 0.00022  0.16  0.90 66.563 128.251 109.352 22.007 73279.203
 S  3212 53.266  0.00013 0.00022  0.22  0.90 66.569 128.242 109.349 22.007 73279.083
 S  3212 53.323  0.00014 0.00022  0.27  0.91 66.573 128.235 109.347 22.008 73278.989
 S  3212 53.379  0.00016 0.00022  0.32  0.91 66.576 128.230 109.345 22.008 73278.910
 S  3212 53.436  0.00017 0.00023  0.36  0.91 66.581 128.223 109.343 22.009 73278.820
 S  3212 53.492  0.00018 0.00023  0.41  0.91 66.585 128.216 109.340 22.009 73278.719
 S  3212 53.548  0.00019 0.00023  0.44  0.90 66.589 128.209 109.338 22.010 73278.634
 S  3212 53.605  0.00019 0.00023  0.48  0.90 66.593 128.203 109.337 22.010 73278.550
 S  3212 53.661  0.00020 0.00022  0.51  0.90 66.597 128.196 109.334 22.011 73278.453
 S  3212 53.717  0.00021 0.00022  0.53  0.89 66.601 128.190 109.332 22.011 73278.362
 S  3212 53.773  0.00021 0.00022  0.55  0.88 66.605 128.184 109.331 22.011 73278.290
 S  3212 53.829  0.00021 0.00022  0.56  0.88 66.608 128.179 109.329 22.012 73278.217
 S  3212 53.885  0.00022 0.00022  0.57  0.87 66.612 128.173 109.327 22.012 73278.128
 S  3212 53.940  0.00022 0.00022  0.58  0.86 66.616 128.167 109.325 22.013 73278.042
 S  3212 53.996  0.00022 0.00021  0.57  0.85 66.619 128.161 109.323 22.013 73277.967
 S  3212 54.052  0.00021 0.00021  0.57  0.84 66.622 128.156 109.321 22.013 73277.892
 S  3212 54.108  0.00021 0.00021  0.56  0.83 66.626 128.151 109.320 22.014 73277.824
 S  3212 54.164  0.00021 0.00021  0.54  0.82 66.629 128.146 109.318 22.014 73277.756
 S  3212 54.220  0.00020 0.00020  0.52  0.81 66.633 128.138 109.316 22.014 73277.650
 S  3212 54.275  0.00019 0.00020  0.50  0.80 66.638 128.130 109.313 22.015 73277.538
 S  3212 54.331  0.00019 0.00020  0.47  0.78 66.642 128.125 109.311 22.015 73277.469
 S  3212 54.387  0.00018 0.00020  0.44  0.77 66.645 128.120 109.310 22.016 73277.400
 S  3212 54.442  0.00017 0.00019  0.40  0.76 66.649 128.113 109.307 22.016 73277.297
 S  3212 54.498  0.00016 0.00019  0.36  0.75 66.654 128.106 109.305 22.017 73277.204
 S  3212 54.553  0.00014 0.00019  0.31  0.73 66.657 128.100 109.303 22.017 73277.126
 S  3212 54.609  0.00013 0.00018  0.26  0.72 66.661 128.094 109.302 22.017 73277.044
 S  3212 54.664  0.00012 0.00018  0.21  0.71 66.665 128.087 109.299 22.018 73276.950
 S  3212 54.719  0.00010 0.00018  0.15  0.70 66.669 128.081 109.297 22.018 73276.867
 S  3212 54.775  0.00009 0.00018  0.10  0.69 66.672 128.076 109.296 22.019 73276.793
 S  3212 54.830  0.00007 0.00017  0.04  0.68 66.676 128.070 109.294 22.019 73276.712
 S  3212 54.885  0.00006 0.00017 -0.03  0.67 66.680 128.063 109.292 22.019 73276.615
 S  3212 54.940  0.00004 0.00017 -0.09  0.67 66.684 128.057 109.290 22.020 73276.538
 S  3212 54.995  0.00002 0.00017 -0.15  0.66 66.686 128.053 109.288 22.020 73276.473
 S  3212 55.050  0.00001 0.00017 -0.21  0.66 66.689 128.048 109.287 22.020 73276.407
 S  3212 55.105 -0.00001 0.00017 -0.28  0.66 66.693 128.042 109.285 22.021 73276.327
 S  3212 55.160 -0.00003 0.00017 -0.34  0.67 66.697 128.037 109.283 22.021 73276.247
 S  3212 55.214 -0.00004 0.00017 -0.40  0.68 66.700 128.031 109.281 22.022 73276.169
 S  3212 55.269 -0.00006 0.00018 -0.45  0.69 66.704 128.025 109.279 22.022 73276.091
 S  3212 55.324 -0.00007 0.00018 -0.51  0.70 66.707 128.020 109.278 22.022 73276.013
 S  3212 55.379 -0.00009 0.00019 -0.56  0.72 66.711 128.014 109.276 22.023 73275.935
 S  3212 55.434 -0.00010 0.00019 -0.60  0.73 66.714 128.009 109.274 22.023 73275.857
 S  3212 55.489 -0.00011 0.00020 -0.64  0.75 66.718 128.003 109.272 22.023 73275.779
 S  3212 55.543 -0.00012 0.00020 -0.67  0.78 66.721 127.997 109.270 22.024 73275.693
 S  3212 55.598 -0.00013 0.00021 -0.69  0.80 66.725 127.990 109.268 22.024 73275.604
 S  3212 55.653 -0.00013 0.00021 -0.71  0.82 66.729 127.984 109.266 22.025 73275.525
 S  3212 55.707 -0.00013 0.00022 -0.71  0.85 66.733 127.979 109.264 22.025 73275.446
 S  3212 55.762 -0.00013 0.00023 -0.71  0.88 66.737 127.971 109.262 22.026 73275.345
 S  3212 55.816 -0.00013 0.00024 -0.69  0.91 66.742 127.964 109.260 22.026 73275.247
 S  3212 55.870 -0.00012 0.00024 -0.66  0.94 66.745 127.958 109.258 22.026 73275.170
 S  3212 55.925 -0.00011 0.00025 -0.61  0.97 66.748 127.953 109.256 22.027 73275.094
 S  3212 55.979 -0.00009 0.00026 -0.55  1.00 66.752 127.948 109.255 22.027 73275.024
 S  3212 56.033 -0.00007 0.00027 -0.47  1.03 66.755 127.943 109.253 22.027 73274.955
 S  3212 56.087 -0.00005 0.00028 -0.37  1.06 66.758 127.937 109.251 22.028 73274.879
 S  3212 56.141 -0.00002 0.00028 -0.25  1.08 66.761 127.932 109.249 22.028 73274.802
 S  3212 56.195  0.00002 0.00029 -0.11  1.11 66.765 127.926 109.247 22.029 73274.719
 S  3212 56.249  0.00006 0.00030  0.05  1.14 66.769 127.919 109.245 22.029 73274.633
 S  3212 56.303  0.00011 0.00031  0.24  1.16 66.772 127.914 109.244 22.029 73274.557
 S  3212 56.357  0.00017 0.00031  0.46  1.19 66.776 127.909 109.242 22.030 73274.484
 S  3212 56.410  0.00023 0.00032  0.71  1.21 66.780 127.902 109.240 22.030 73274.392
 S  3212 56.464  0.00031 0.00032  0.98  1.23 66.785 127.894 109.237 22.031 73274.285
 S  3212 56.517  0.00039 0.00033  1.29  1.25 66.787 127.890 109.236 22.031 73274.232
 S  3212 56.570  0.00048 0.00033  1.63  1.26 66.789 127.887 109.235 22.031 73274.180
 S  3212 56.624  0.00058 0.00034  2.00  1.27 66.792 127.883 109.234 22.031 73274.127
 S  3212 56.677  0.00068 0.00034  2.40  1.28 66.794 127.879 109.232 22.032 73274.064
 S  3212 56.730  0.00080 0.00034  2.84  1.29 66.797 127.874 109.231 22.032 73273.999
 S  3212 56.783  0.00093 0.00034  3.32  1.29 66.800 127.870 109.229 22.032 73273.935
 S  3212 56.836  0.00107 0.00034  3.84  1.29 66.803 127.865 109.228 22.033 73273.872
 S  3212 56.890  0.00123 0.00035  4.44  1.30 66.806 127.861 109.226 22.033 73273.809
 S  3212 56.943  0.00141 0.00036  5.13  1.33 66.808 127.857 109.225 22.033 73273.749
 S  3212 56.996  0.00164 0.00037  5.95  1.38 66.811 127.853 109.223 22.033 73273.690
 S  3212 57.049  0.00192 0.00039  6.99  1.47 66.814 127.849 109.222 22.034 73273.630
 S  3213 34.975  0.00257 0.00078  6.72  3.27 59.887 136.715 112.527 21.471 85138.353
 S  3213 35.244  0.00265 0.00078  7.17  3.29 60.490 136.182 112.252 21.507 85128.853
 S  3213 35.463  0.00273 0.00077  7.59  3.25 60.861 135.833 112.082 21.530 85122.721
 S  3213 35.658  0.00281 0.00075  8.02  3.16 61.071 135.630 111.987 21.543 85118.915
 S  3213 35.845  0.00290 0.00072  8.49  3.03 61.273 135.429 111.895 21.557 85115.871
 S  3213 36.024  0.00301 0.00068  8.99  2.87 61.447 135.255 111.816 21.568 85112.320
 S  3213 36.195  0.00312 0.00064  9.52  2.68 61.583 135.114 111.753 21.578 85110.050
 S  3213 36.363  0.00324 0.00059 10.10  2.48 61.721 134.971 111.690 21.587 85107.529
 S  3213 36.523  0.00337 0.00054 10.70  2.27 61.884 134.799 111.616 21.599 85104.575
 S  3213 36.677  0.00351 0.00049 11.33  2.07 61.951 134.727 111.585 21.603 85103.483
 S  3213 36.834  0.00365 0.00045 12.01  1.89 62.066 134.602 111.532 21.612 85101.253
 S  3213 36.989  0.00381 0.00041 12.73  1.74 62.213 134.440 111.466 21.623 85098.767
 S  3213 37.137  0.00397 0.00039 13.47  1.64 62.340 134.299 111.407 21.632 85095.927
 S  3213 37.275  0.00415 0.00038 14.26  1.59 62.402 134.231 111.379 21.637 85095.106
 S  3213 37.419  0.00434 0.00038 15.13  1.61 62.503 134.115 111.333 21.644 85093.252
 S  3213 37.561  0.00455 0.00040 16.06  1.69 62.599 134.005 111.289 21.652 85091.629
 S  3213 37.705  0.00477 0.00043 17.07  1.81 62.724 133.860 111.232 21.661 85089.557
 S  3213 37.844  0.00500 0.00047 18.11  1.97 62.898 133.654 111.152 21.675 85085.940
 S  3213 37.969  0.00523 0.00051 19.13  2.13 63.002 133.530 111.105 21.683 85083.977
 S  3213 38.084  0.00545 0.00054 20.10  2.28 63.066 133.453 111.075 21.688 85082.711
 S  3213 38.197  0.00567 0.00058 21.01  2.42 63.108 133.402 111.056 21.692 85081.953
 S  3213 38.311  0.00586 0.00060 21.86  2.53 63.151 133.350 111.036 21.695 85081.248
 S  3213 38.426  0.00604 0.00063 22.63  2.63 63.217 133.269 111.006 21.701 85079.980
 S  3213 38.538  0.00618 0.00064 23.26  2.70 63.286 133.184 110.974 21.706 85078.425
 S  3213 38.647  0.00629 0.00066 23.73  2.74 63.330 133.130 110.954 21.710 85077.758
 S  3213 38.755  0.00636 0.00066 24.05  2.77 63.365 133.087 110.938 21.713 85077.229
 S  3213 38.865  0.00639 0.00067 24.22  2.79 63.419 133.019 110.913 21.717 85075.862
 S  3213 38.971  0.00638 0.00066 24.17  2.78 63.483 132.938 110.883 21.723 85074.672
 S  3213 39.074  0.00631 0.00066 23.90  2.76 63.517 132.896 110.868 21.726 85074.201
 S  3213 39.179  0.00619 0.00065 23.45  2.72 63.554 132.848 110.851 21.729 85073.710
 S  3213 39.285  0.00603 0.00064 22.83  2.68 63.601 132.789 110.829 21.733 85072.474
 S  3213 39.387  0.00583 0.00063 21.99  2.64 63.647 132.730 110.808 21.737 85071.598
 S  3213 39.488  0.00558 0.00062 20.99  2.59 63.678 132.690 110.794 21.739 85071.109
 S  3213 39.589  0.00531 0.00061 19.87  2.54 63.707 132.652 110.780 21.742 85070.560
 S  3213 39.692  0.00501 0.00060 18.68  2.50 63.743 132.606 110.764 21.745 85069.910
 S  3213 39.797  0.00470 0.00059 17.46  2.46 63.793 132.541 110.741 21.749 85068.995
 S  3213 39.901  0.00439 0.00058 16.21  2.43 63.856 132.457 110.711 21.755 85067.590
 S  3213 40.002  0.00408 0.00057 14.96  2.40 63.912 132.384 110.686 21.760 85066.537
 S  3213 40.101  0.00378 0.00056 13.73  2.38 63.957 132.324 110.665 21.764 85065.756
 S  3213 40.199  0.00349 0.00056 12.56  2.36 64.013 132.249 110.639 21.769 85064.604
 S  3213 40.294  0.00322 0.00056 11.46  2.34 64.059 132.186 110.618 21.773 85063.691
 S  3213 40.386  0.00298 0.00055 10.47  2.33 64.091 132.144 110.603 21.776 85063.085
 S  3213 40.478  0.00277 0.00055  9.61  2.32 64.120 132.104 110.589 21.778 85062.510
 S  3213 40.570  0.00259 0.00055  8.90  2.32 64.151 132.062 110.575 21.781 85061.929
 S  3213 40.662  0.00245 0.00055  8.34  2.32 64.185 132.016 110.559 21.784 85061.250
 S  3213 40.754  0.00235 0.00055  7.93  2.32 64.222 131.966 110.542 21.787 85060.511
 S  3213 40.845  0.00228 0.00055  7.67  2.32 64.254 131.922 110.527 21.790 85059.896
 S  3213 40.937  0.00224 0.00055  7.55  2.33 64.289 131.873 110.511 21.794 85059.188
 S  3213 41.029  0.00223 0.00055  7.57  2.34 64.335 131.809 110.490 21.798 85058.400
 S  3213 41.120  0.00226 0.00055  7.71  2.36 64.402 131.716 110.459 21.804 85056.833
 S  3213 41.205  0.00230 0.00056  7.91  2.36 64.445 131.656 110.439 21.808 85056.073
 S  3213 41.287  0.00235 0.00056  8.15  2.37 64.467 131.624 110.429 21.810 85055.655
 S  3213 41.369  0.00241 0.00056  8.43  2.37 64.484 131.601 110.421 21.812 85055.337
 S  3213 41.451  0.00248 0.00056  8.74  2.37 64.500 131.579 110.413 21.813 85055.034
 S  3213 41.537  0.00255 0.00056  9.08  2.37 64.535 131.530 110.397 21.817 85054.512
 S  3213 41.620  0.00262 0.00055  9.43  2.36 64.579 131.466 110.377 21.821 85053.309
 S  3213 41.700  0.00270 0.00055  9.76  2.35 64.611 131.420 110.362 21.824 85052.784
 S  3213 41.778  0.00277 0.00055 10.08  2.34 64.634 131.388 110.351 21.826 85052.355
 S  3213 41.856  0.00283 0.00055 10.36  2.33 64.655 131.358 110.341 21.828 85051.914
 S  3213 41.933  0.00289 0.00054 10.61  2.32 64.672 131.333 110.333 21.830 85051.573
 S  3213 42.009  0.00294 0.00054 10.85  2.31 64.686 131.314 110.327 21.831 85051.310
 S  3213 42.086  0.00300 0.00054 11.11  2.32 64.697 131.298 110.321 21.832 85051.080
 S  3213 42.163  0.00307 0.00055 11.42  2.32 64.709 131.282 110.316 21.833 85050.859
 S  3213 42.242  0.00315 0.00055 11.79  2.33 64.726 131.257 110.308 21.835 85050.588
 S  3213 42.322  0.00323 0.00055 12.19  2.35 64.755 131.215 110.294 21.838 85049.965
 S  3213 42.400  0.00332 0.00055 12.57  2.37 64.794 131.158 110.276 21.841 85049.115
 S  3213 42.475  0.00339 0.00056 12.92  2.39 64.809 131.137 110.269 21.843 85048.816
 S  3213 42.550  0.00347 0.00057 13.28  2.41 64.821 131.119 110.263 21.844 85048.583
 S  3213 42.625  0.00356 0.00057 13.65  2.44 64.832 131.104 110.258 21.845 85048.377
 S  3213 42.701  0.00365 0.00058 14.08  2.48 64.841 131.091 110.254 21.846 85048.183
 S  3213 42.778  0.00376 0.00059 14.59  2.51 64.853 131.074 110.248 21.847 85047.972
 S  3213 42.856  0.00389 0.00059 15.20  2.55 64.868 131.052 110.241 21.848 85047.654
 S  3213 42.936  0.00404 0.00060 15.88  2.57 64.896 131.011 110.228 21.851 85047.078
 S  3213 43.016  0.00418 0.00060 16.58  2.60 64.927 130.965 110.214 21.854 85046.455
 S  3213 43.095  0.00433 0.00060 17.30  2.61 64.960 130.915 110.198 21.857 85045.790
 S  3213 43.173  0.00449 0.00061 18.04  2.62 64.996 130.862 110.181 21.861 85045.051
 S  3213 43.249  0.00465 0.00061 18.81  2.63 65.029 130.813 110.166 21.864 85044.330
 S  3213 43.324  0.00482 0.00061 19.60  2.64 65.055 130.773 110.154 21.867 85043.866
 S  3213 43.398  0.00499 0.00061 20.40  2.65 65.076 130.742 110.144 21.869 85043.435
 S  3213 43.473  0.00515 0.00061 21.16  2.67 65.099 130.707 110.133 21.871 85042.973
 S  3213 43.549  0.00529 0.00062 21.85  2.71 65.148 130.631 110.110 21.876 85041.991
 S  3213 43.620  0.00540 0.00063 22.34  2.74 65.185 130.575 110.093 21.880 85041.078
 S  3213 43.687  0.00546 0.00063 22.63  2.78 65.203 130.548 110.085 21.882 85040.837
 S  3213 43.754  0.00548 0.00064 22.73  2.82 65.213 130.533 110.080 21.883 85040.627
 S  3213 43.821  0.00546 0.00065 22.64  2.87 65.224 130.517 110.075 21.884 85040.413
 S  3213 43.888  0.00540 0.00066 22.37  2.91 65.235 130.500 110.069 21.885 85040.183
 S  3213 43.955  0.00530 0.00067 21.95  2.95 65.247 130.482 110.064 21.886 85039.931
 S  3213 44.022  0.00517 0.00068 21.43  2.98 65.260 130.462 110.057 21.888 85039.656
 S  3213 44.090  0.00504 0.00068 20.86  2.99 65.273 130.443 110.051 21.889 85039.403
 S  3213 44.158  0.00490 0.00068 20.27  3.00 65.286 130.423 110.045 21.890 85039.143
 S  3213 44.226  0.00476 0.00068 19.72  3.00 65.302 130.398 110.038 21.892 85038.821
 S  3213 44.295  0.00463 0.00068 19.20  2.99 65.333 130.350 110.023 21.895 85038.145
 S  3213 44.362  0.00451 0.00068 18.68  2.98 65.358 130.311 110.011 21.898 85037.614
 S  3213 44.427  0.00439 0.00067 18.17  2.96 65.377 130.281 110.002 21.900 85037.231
 S  3213 44.491  0.00428 0.00067 17.69  2.95 65.391 130.259 109.996 21.901 85036.958
 S  3213 44.554  0.00420 0.00067 17.31  2.94 65.401 130.245 109.991 21.902 85036.754
 S  3213 44.617  0.00414 0.00066 17.07  2.92 65.411 130.230 109.986 21.903 85036.565
 S  3213 44.680  0.00413 0.00066 17.01  2.91 65.421 130.215 109.982 21.904 85036.362
 S  3213 44.744  0.00415 0.00066 17.13  2.91 65.432 130.198 109.976 21.905 85036.129
 S  3213 44.807  0.00421 0.00066 17.38  2.92 65.444 130.179 109.970 21.907 85035.873
 S  3213 44.870  0.00427 0.00067 17.68  2.96 65.457 130.159 109.964 21.908 85035.597
 S  3213 44.933  0.00433 0.00069 17.95  3.02 65.468 130.142 109.959 21.909 85035.363
 S  3213 44.995  0.00437 0.00071 18.12  3.10 65.477 130.128 109.955 21.910 85035.180
 S  3213 45.057  0.00439 0.00072 18.18  3.17 65.485 130.116 109.951 21.911 85035.022
 S  3213 45.119  0.00437 0.00074 18.14  3.23 65.492 130.105 109.947 21.911 85034.873
 S  3213 45.182  0.00435 0.00074 18.03  3.26 65.500 130.094 109.944 21.912 85034.721
 S  3213 45.245  0.00432 0.00074 17.92  3.26 65.508 130.081 109.940 21.913 85034.555
 S  3213 45.308  0.00428 0.00073 17.80  3.23 65.517 130.067 109.935 21.914 85034.361
 S  3213 45.373  0.00424 0.00072 17.66  3.17 65.531 130.046 109.929 21.915 85034.108
 S  3213 45.438  0.00420 0.00070 17.50  3.09 65.552 130.011 109.919 21.918 85033.625
 S  3213 45.502  0.00414 0.00068 17.31  3.00 65.577 129.972 109.907 21.920 85033.090
 S  3213 45.564  0.00410 0.00065 17.12  2.89 65.597 129.940 109.898 21.922 85032.677
 S  3213 45.625  0.00405 0.00063 16.94  2.77 65.610 129.919 109.891 21.924 85032.402
 S  3213 45.685  0.00402 0.00060 16.80  2.64 65.621 129.902 109.886 21.925 85032.182
 S  3213 45.745  0.00400 0.00057 16.71  2.52 65.631 129.886 109.881 21.926 85031.973
 S  3213 45.805  0.00399 0.00054 16.67  2.40 65.641 129.871 109.877 21.927 85031.768
 S  3213 45.864  0.00400 0.00052 16.71  2.29 65.650 129.856 109.872 21.928 85031.574
 S  3213 45.924  0.00403 0.00050 16.87  2.19 65.659 129.842 109.868 21.929 85031.391
 S  3213 45.983  0.00410 0.00047 17.16  2.09 65.667 129.829 109.864 21.930 85031.216
 S  3213 46.043  0.00420 0.00045 17.59  2.00 65.676 129.816 109.860 21.931 85031.042
 S  3213 46.102  0.00431 0.00044 18.11  1.92 65.685 129.802 109.855 21.932 85030.858
 S  3213 46.162  0.00444 0.00042 18.69  1.85 65.695 129.787 109.851 21.933 85030.656
 S  3213 46.221  0.00456 0.00040 19.25  1.78 65.706 129.769 109.845 21.934 85030.417
 S  3213 46.281  0.00468 0.00039 19.76  1.72 65.717 129.750 109.840 21.935 85030.164
 S  3213 46.340  0.00477 0.00038 20.20  1.67 65.729 129.732 109.834 21.936 85029.931
 S  3213 46.399  0.00485 0.00037 20.56  1.62 65.740 129.715 109.829 21.937 85029.705
 S  3213 46.457  0.00491 0.00036 20.82  1.57 65.750 129.698 109.824 21.939 85029.476
 S  3213 46.516  0.00494 0.00035 20.97  1.53 65.761 129.680 109.819 21.940 85029.248
 S  3213 46.574  0.00494 0.00034 20.99  1.50 65.772 129.664 109.814 21.941 85029.025
 S  3213 46.631  0.00492 0.00033 20.87  1.47 65.782 129.648 109.809 21.942 85028.814
 S  3213 46.689  0.00486 0.00033 20.62  1.44 65.791 129.633 109.805 21.943 85028.624
 S  3213 46.746  0.00478 0.00032 20.25  1.42 65.799 129.620 109.801 21.944 85028.453
 S  3213 46.803  0.00468 0.00032 19.81  1.41 65.807 129.608 109.797 21.945 85028.295
 S  3213 46.860  0.00456 0.00032 19.31  1.40 65.814 129.597 109.793 21.945 85028.140
 S  3213 46.917  0.00445 0.00031 18.79  1.39 65.821 129.585 109.790 21.946 85027.983
 S  3213 46.974  0.00433 0.00031 18.29  1.38 65.829 129.573 109.786 21.947 85027.820
 S  3213 47.031  0.00422 0.00031 17.80  1.37 65.837 129.560 109.782 21.948 85027.646
 S  3213 47.088  0.00411 0.00031 17.31  1.36 65.846 129.546 109.778 21.949 85027.463
 S  3213 47.144  0.00399 0.00031 16.78  1.35 65.855 129.532 109.774 21.950 85027.277
 S  3213 47.201  0.00386 0.00030 16.22  1.34 65.864 129.517 109.769 21.951 85027.087
 S  3213 47.258  0.00372 0.00030 15.62  1.33 65.873 129.503 109.765 21.952 85026.896
 S  3213 47.314  0.00358 0.00030 15.00  1.32 65.882 129.488 109.760 21.953 85026.706
 S  3213 47.370  0.00343 0.00030 14.37  1.30 65.891 129.473 109.756 21.954 85026.507
 S  3213 47.426  0.00329 0.00029 13.74  1.29 65.900 129.458 109.751 21.955 85026.301
 S  3213 47.482  0.00314 0.00029 13.10  1.29 65.910 129.443 109.747 21.956 85026.114
 S  3213 47.538  0.00300 0.00029 12.47  1.29 65.917 129.431 109.743 21.956 85025.947
 S  3213 47.593  0.00285 0.00029 11.83  1.29 65.925 129.419 109.740 21.957 85025.790
 S  3213 47.648  0.00271 0.00029 11.19  1.29 65.932 129.407 109.736 21.958 85025.640
 S  3213 47.703  0.00256 0.00030 10.55  1.30 65.939 129.397 109.733 21.959 85025.494
 S  3213 47.758  0.00242 0.00030  9.95  1.31 65.946 129.386 109.729 21.959 85025.349
 S  3213 47.813  0.00230 0.00030  9.39  1.32 65.953 129.374 109.726 21.960 85025.199
 S  3213 47.868  0.00219 0.00030  8.91  1.33 65.960 129.362 109.722 21.961 85025.041
 S  3213 47.924  0.00209 0.00030  8.49  1.34 65.968 129.349 109.718 21.962 85024.867
 S  3213 47.979  0.00201 0.00030  8.13  1.34 65.977 129.335 109.714 21.963 85024.683
 S  3213 48.033  0.00193 0.00031  7.80  1.34 65.986 129.321 109.710 21.964 85024.498
 S  3213 48.088  0.00186 0.00031  7.49  1.35 65.994 129.307 109.706 21.965 85024.321
 S  3213 48.142  0.00179 0.00031  7.21  1.35 66.002 129.295 109.702 21.965 85024.155
 S  3213 48.196  0.00174 0.00031  6.97  1.35 66.009 129.283 109.699 21.966 85023.998
 S  3213 48.250  0.00169 0.00031  6.76  1.35 66.016 129.272 109.695 21.967 85023.848
 S  3213 48.304  0.00165 0.00031  6.58  1.36 66.023 129.260 109.692 21.968 85023.702
 S  3213 48.358  0.00162 0.00031  6.43  1.36 66.030 129.250 109.689 21.968 85023.558
 S  3213 48.411  0.00159 0.00031  6.31  1.37 66.036 129.239 109.685 21.969 85023.415
 S  3213 48.465  0.00156 0.00031  6.22  1.37 66.043 129.228 109.682 21.970 85023.273
 S  3213 48.518  0.00155 0.00031  6.17  1.37 66.050 129.217 109.679 21.971 85023.127
 S  3213 48.572  0.00155 0.00031  6.17  1.38 66.057 129.206 109.675 21.971 85022.977
 S  3213 48.625  0.00156 0.00032  6.21  1.38 66.064 129.194 109.672 21.972 85022.822
 S  3213 48.679  0.00158 0.00032  6.29  1.38 66.072 129.182 109.668 21.973 85022.664
 S  3213 48.732  0.00160 0.00032  6.37  1.39 66.079 129.170 109.665 21.974 85022.512
 S  3213 48.785  0.00162 0.00032  6.46  1.39 66.085 129.159 109.661 21.974 85022.369
 S  3213 48.837  0.00163 0.00032  6.52  1.40 66.092 129.149 109.658 21.975 85022.233
 S  3213 48.890  0.00164 0.00032  6.56  1.40 66.098 129.139 109.655 21.976 85022.101
 S  3213 48.943  0.00165 0.00032  6.60  1.41 66.104 129.129 109.652 21.976 85021.967
 S  3213 48.995  0.00166 0.00032  6.65  1.41 66.110 129.119 109.649 21.977 85021.831
 S  3213 49.047  0.00167 0.00032  6.71  1.42 66.117 129.108 109.646 21.978 85021.693
 S  3213 49.100  0.00169 0.00033  6.78  1.42 66.123 129.098 109.643 21.979 85021.553
 S  3213 49.152  0.00170 0.00033  6.82  1.43 66.130 129.087 109.639 21.979 85021.408
 S  3213 49.204  0.00170 0.00033  6.82  1.44 66.137 129.075 109.636 21.980 85021.262
 S  3213 49.256  0.00168 0.00033  6.75  1.45 66.144 129.064 109.633 21.981 85021.117
 S  3213 49.308  0.00165 0.00034  6.60  1.46 66.150 129.054 109.630 21.981 85020.983
 S  3213 49.360  0.00160 0.00034  6.38  1.48 66.156 129.045 109.627 21.982 85020.857
 S  3213 49.411  0.00153 0.00034  6.08  1.49 66.161 129.036 109.624 21.983 85020.737
 S  3213 49.463  0.00144 0.00035  5.71  1.51 66.167 129.027 109.621 21.983 85020.622
 S  3213 49.514  0.00134 0.00035  5.28  1.52 66.172 129.019 109.619 21.984 85020.511
 S  3213 49.565  0.00123 0.00035  4.80  1.53 66.177 129.010 109.616 21.984 85020.400
 S  3213 49.616  0.00112 0.00036  4.32  1.54 66.182 129.002 109.614 21.985 85020.288
 S  3213 49.668  0.00101 0.00036  3.84  1.55 66.188 128.994 109.611 21.986 85020.173
 S  3213 49.719  0.00091 0.00036  3.39  1.56 66.193 128.985 109.608 21.986 85020.055
 S  3213 49.770  0.00081 0.00036  2.96  1.56 66.199 128.975 109.605 21.987 85019.934
 S  3213 49.821  0.00072 0.00036  2.56  1.56 66.204 128.966 109.603 21.987 85019.809
 S  3213 49.872  0.00063 0.00036  2.18  1.57 66.210 128.957 109.600 21.988 85019.685
 S  3213 49.923  0.00054 0.00036  1.82  1.57 66.216 128.947 109.597 21.989 85019.565
 S  3213 49.973  0.00046 0.00037  1.47  1.58 66.221 128.939 109.594 21.989 85019.449
 S  3213 50.024  0.00039 0.00037  1.15  1.59 66.226 128.930 109.592 21.990 85019.340
 S  3213 50.074  0.00032 0.00037  0.86  1.60 66.231 128.923 109.589 21.990 85019.238
 S  3213 50.125  0.00026 0.00037  0.60  1.61 66.236 128.916 109.587 21.991 85019.138
 S  3213 50.175  0.00020 0.00038  0.37  1.62 66.240 128.908 109.585 21.991 85019.040
 S  3213 50.225  0.00016 0.00038  0.19  1.63 66.245 128.901 109.583 21.992 85018.941
 S  3213 50.276  0.00013 0.00038  0.05  1.64 66.249 128.894 109.580 21.992 85018.842
 S  3213 50.326  0.00011 0.00038 -0.03  1.65 66.254 128.886 109.578 21.993 85018.739
 S  3213 50.376  0.00010 0.00039 -0.06  1.65 66.259 128.878 109.575 21.993 85018.635
 S  3213 50.426  0.00010 0.00039 -0.04  1.66 66.264 128.870 109.573 21.994 85018.528
 S  3213 50.477  0.00012 0.00039  0.03  1.66 66.269 128.862 109.571 21.994 85018.420
 S  3213 50.527  0.00015 0.00039  0.14  1.66 66.274 128.854 109.568 21.995 85018.310
 S  3213 50.577  0.00018 0.00039  0.31  1.66 66.279 128.846 109.565 21.995 85018.199
 S  3213 50.627  0.00024 0.00039  0.54  1.66 66.284 128.837 109.563 21.996 85018.088
 S  3213 50.677  0.00031 0.00039  0.84  1.66 66.289 128.829 109.560 21.996 85017.978
 S  3213 50.727  0.00039 0.00039  1.20  1.67 66.294 128.821 109.558 21.997 85017.869
 S  3213 50.777  0.00049 0.00039  1.64  1.67 66.299 128.813 109.555 21.998 85017.761
 S  3213 50.826  0.00061 0.00039  2.14  1.67 66.304 128.805 109.553 21.998 85017.654
 S  3213 50.876  0.00074 0.00039  2.68  1.67 66.309 128.796 109.550 21.999 85017.546
 S  3213 50.926  0.00087 0.00039  3.24  1.67 66.314 128.788 109.548 21.999 85017.435
 S  3213 50.975  0.00100 0.00039  3.78  1.67 66.319 128.780 109.545 22.000 85017.323
 S  3213 51.025  0.00111 0.00039  4.27  1.67 66.325 128.771 109.543 22.000 85017.208
 S  3213 51.074  0.00120 0.00039  4.67  1.67 66.330 128.762 109.540 22.001 85017.093
 S  3213 51.124  0.00128 0.00039  4.97  1.67 66.335 128.754 109.537 22.002 85016.981
 S  3213 51.173  0.00132 0.00040  5.16  1.68 66.340 128.745 109.535 22.002 85016.872
 S  3213 51.222  0.00134 0.00040  5.25  1.68 66.345 128.738 109.533 22.003 85016.769
 S  3213 51.271  0.00134 0.00040  5.24  1.69 66.349 128.730 109.530 22.003 85016.668
 S  3213 51.320  0.00132 0.00040  5.15  1.70 66.354 128.723 109.528 22.004 85016.570
 S  3213 51.369  0.00128 0.00041  4.99  1.72 66.358 128.716 109.526 22.004 85016.472
 S  3213 51.417  0.00123 0.00041  4.77  1.73 66.363 128.708 109.523 22.005 85016.376
 S  3213 51.466  0.00117 0.00041  4.50  1.74 66.367 128.701 109.521 22.005 85016.282
 S  3213 51.515  0.00109 0.00042  4.19  1.75 66.371 128.694 109.519 22.005 85016.189
 S  3213 51.563  0.00101 0.00042  3.83  1.76 66.376 128.688 109.517 22.006 85016.098
 S  3213 51.612  0.00091 0.00042  3.43  1.78 66.380 128.681 109.515 22.006 85016.008
 S  3213 51.660  0.00081 0.00043  2.99  1.79 66.384 128.674 109.513 22.007 85015.919
 S  3213 51.709  0.00070 0.00043  2.52  1.80 66.388 128.668 109.511 22.007 85015.830
 S  3213 51.757  0.00058 0.00043  2.04  1.80 66.392 128.661 109.509 22.008 85015.741
 S  3213 51.805  0.00047 0.00043  1.55  1.81 66.396 128.655 109.507 22.008 85015.651
 S  3213 51.854  0.00035 0.00043  1.06  1.81 66.400 128.648 109.505 22.009 85015.560
 S  3213 51.902  0.00023 0.00043  0.58  1.81 66.404 128.641 109.502 22.009 85015.468
 S  3213 51.950  0.00012 0.00043  0.13  1.81 66.409 128.634 109.500 22.009 85015.375
 S  3213 51.998  0.00003 0.00043 -0.28  1.81 66.413 128.627 109.498 22.010 85015.282
 S  3213 52.046 -0.00006 0.00044 -0.63  1.81 66.417 128.620 109.496 22.010 85015.189
 S  3213 52.094 -0.00013 0.00044 -0.92  1.81 66.421 128.613 109.494 22.011 85015.097
 S  3213 52.142 -0.00018 0.00044 -1.14  1.82 66.426 128.606 109.492 22.011 85015.007
 S  3213 52.190 -0.00022 0.00044 -1.29  1.82 66.430 128.600 109.490 22.012 85014.919
 S  3213 52.238 -0.00024 0.00044 -1.37  1.83 66.433 128.594 109.488 22.012 85014.835
 S  3213 52.286 -0.00025 0.00045 -1.39  1.84 66.437 128.588 109.486 22.013 85014.753
 S  3213 52.333 -0.00024 0.00045 -1.35  1.85 66.441 128.582 109.484 22.013 85014.672
 S  3213 52.381 -0.00022 0.00045 -1.26  1.86 66.445 128.576 109.482 22.013 85014.592
 S  3213 52.428 -0.00019 0.00046 -1.15  1.88 66.448 128.570 109.480 22.014 85014.512
 S  3213 52.476 -0.00016 0.00046 -1.02  1.89 66.452 128.564 109.478 22.014 85014.432
 S  3213 52.524 -0.00013 0.00046 -0.89  1.90 66.455 128.558 109.477 22.015 85014.353
 S  3213 52.571 -0.00011 0.00047 -0.79  1.91 66.459 128.553 109.475 22.015 85014.273
 S  3213 52.618 -0.00009 0.00047 -0.71  1.92 66.463 128.547 109.473 22.015 85014.193
 S  3213 52.666 -0.00008 0.00047 -0.67  1.92 66.466 128.541 109.471 22.016 85014.114
 S  3213 52.713 -0.00008 0.00047 -0.67  1.92 66.470 128.535 109.469 22.016 85014.034
 S  3213 52.761 -0.00009 0.00047 -0.70  1.92 66.474 128.529 109.467 22.016 85013.954
 S  3213 52.808 -0.00010 0.00047 -0.76  1.92 66.477 128.523 109.465 22.017 85013.874
 S  3213 52.855 -0.00012 0.00047 -0.82  1.92 66.481 128.518 109.464 22.017 85013.795
 S  3213 52.902 -0.00014 0.00047 -0.88  1.91 66.484 128.512 109.462 22.018 85013.715
 S  3213 52.949 -0.00015 0.00047 -0.93  1.91 66.488 128.506 109.460 22.018 85013.635
 S  3213 52.997 -0.00015 0.00047 -0.94  1.90 66.492 128.500 109.458 22.018 85013.556
 S  3213 53.044 -0.00015 0.00047 -0.92  1.89 66.495 128.494 109.456 22.019 85013.477
 S  3213 53.091 -0.00013 0.00047 -0.87  1.89 66.499 128.489 109.454 22.019 85013.398
 S  3213 53.138 -0.00012 0.00046 -0.80  1.88 66.502 128.483 109.452 22.020 85013.320
 S  3213 53.184 -0.00010 0.00046 -0.73  1.87 66.506 128.477 109.451 22.020 85013.242
 S  3213 53.231 -0.00008 0.00046 -0.66  1.87 66.510 128.471 109.449 22.020 85013.165
 S  3213 53.278 -0.00007 0.00046 -0.60  1.86 66.513 128.465 109.447 22.021 85013.088
 S  3213 53.325 -0.00006 0.00046 -0.56  1.85 66.516 128.460 109.445 22.021 85013.014
 S  3213 53.372 -0.00006 0.00046 -0.54  1.84 66.520 128.455 109.444 22.021 85012.940
 S  3213 53.418 -0.00005 0.00045 -0.52  1.82 66.523 128.450 109.442 22.022 85012.869
 S  3213 53.465 -0.00005 0.00045 -0.51  1.80 66.526 128.445 109.440 22.022 85012.798
 S  3213 53.512 -0.00005 0.00044 -0.49  1.78 66.529 128.439 109.439 22.022 85012.727
 S  3213 53.558 -0.00004 0.00044 -0.45  1.76 66.533 128.434 109.437 22.023 85012.656
 S  3213 53.605 -0.00002 0.00043 -0.39  1.74 66.536 128.429 109.435 22.023 85012.586
 S  3213 53.651  0.00000 0.00043 -0.31  1.71 66.539 128.424 109.434 22.023 85012.516
 S  3213 53.698  0.00002 0.00042 -0.22  1.69 66.542 128.419 109.432 22.024 85012.445
 S  3213 53.744  0.00005 0.00042 -0.11  1.68 66.545 128.414 109.430 22.024 85012.374
 S  3213 53.791  0.00007 0.00042 -0.01  1.69 66.549 128.409 109.429 22.024 85012.302
 S  3213 53.837  0.00010 0.00043  0.10  1.71 66.552 128.403 109.427 22.025 85012.230
 S  3213 53.884  0.00012 0.00044  0.20  1.75 66.555 128.398 109.425 22.025 85012.158
 S  3213 53.930  0.00015 0.00046  0.30  1.82 66.558 128.393 109.424 22.026 85012.086
 S  3213 53.976  0.00017 0.00048  0.41  1.92 66.562 128.388 109.422 22.026 85012.013
 S  3213 54.023  0.00020 0.00051  0.51  2.04 66.565 128.382 109.420 22.026 85011.940
 S  3213 54.069  0.00023 0.00055  0.63  2.19 66.568 128.377 109.418 22.027 85011.867
 S  3213 54.115  0.00026 0.00060  0.75  2.36 66.572 128.372 109.417 22.027 85011.794
 S  3213 54.161  0.00029 0.00064  0.89  2.54 66.575 128.366 109.415 22.027 85011.721
 S  3213 54.208  0.00034 0.00069  1.06  2.73 66.578 128.361 109.413 22.028 85011.648
 S  3213 54.254  0.00039 0.00074  1.28  2.93 66.581 128.356 109.412 22.028 85011.576
 S  3213 54.300  0.00046 0.00079  1.55  3.12 66.585 128.350 109.410 22.028 85011.505
 S  3213 54.346  0.00055 0.00084  1.90  3.31 66.588 128.345 109.408 22.029 85011.434
 S  3213 54.392  0.00066 0.00088  2.35  3.48 66.591 128.340 109.407 22.029 85011.363
 S  3213 54.438  0.00081 0.00093  2.91  3.65 66.594 128.335 109.405 22.029 85011.292
 S  3214 34.083  0.00253 0.00032  6.06  1.35 58.382 138.082 113.319 21.408 10496.566
 S  3214 34.490  0.00262 0.00033  6.62  1.39 58.970 137.632 113.047 21.438 10488.511
 S  3214 34.882  0.00287 0.00035  7.89  1.49 59.721 137.011 112.702 21.479 10476.244
 S  3214 35.212  0.00329 0.00039  9.82  1.66 60.362 136.447 112.407 21.517 10463.149
 S  3214 35.489  0.00375 0.00043 11.91  1.82 60.791 136.050 112.209 21.543 10456.720
 S  3214 35.737  0.00412 0.00045 13.54  1.89 61.074 135.776 112.079 21.562 10451.655
 S  3214 35.964  0.00429 0.00044 14.35  1.84 61.261 135.590 111.994 21.574 10448.551
 S  3214 36.189  0.00435 0.00041 14.66  1.73 61.453 135.395 111.905 21.587 10445.598
 S  3214 36.407  0.00441 0.00039 15.02  1.62 61.660 135.181 111.810 21.601 10441.395
 S  3214 36.614  0.00452 0.00036 15.56  1.51 61.848 134.982 111.723 21.615 10438.161
 S  3214 36.812  0.00464 0.00034 16.15  1.41 62.007 134.811 111.650 21.626 10434.921
 S  3214 37.000  0.00472 0.00031 16.52  1.30 62.161 134.644 111.579 21.637 10432.508
 S  3214 37.184  0.00471 0.00028 16.56  1.19 62.247 134.548 111.539 21.644 10430.881
 S  3214 37.369  0.00469 0.00026 16.56  1.11 62.372 134.408 111.482 21.653 10428.530
 S  3214 37.554  0.00476 0.00026 16.95  1.08 62.544 134.210 111.402 21.666 10425.873
 S  3214 37.728  0.00492 0.00026 17.72  1.11 62.694 134.037 111.334 21.678 10421.867
 S  3214 37.893  0.00509 0.00028 18.51  1.16 62.816 133.894 111.277 21.687 10420.510
 S  3214 38.056  0.00529 0.00030 19.43  1.25 62.930 133.758 111.224 21.696 10418.137
 S  3214 38.206  0.00549 0.00032 20.33  1.35 63.041 133.625 111.173 21.705 10415.769
 S  3214 38.352  0.00561 0.00034 20.85  1.44 63.123 133.524 111.135 21.712 10414.474
 S  3214 38.494  0.00564 0.00036 21.00  1.50 63.182 133.453 111.108 21.716 10413.550
 S  3214 38.637  0.00563 0.00037 21.00  1.56 63.250 133.369 111.077 21.722 10412.151
 S  3214 38.779  0.00564 0.00038 21.12  1.61 63.332 133.267 111.038 21.729 10410.564
 S  3214 38.916  0.00569 0.00040 21.35  1.68 63.399 133.183 111.007 21.734 10409.410
 S  3214 39.052  0.00575 0.00041 21.64  1.74 63.474 133.088 110.972 21.741 10407.895
 S  3214 39.184  0.00580 0.00043 21.92  1.80 63.544 132.999 110.940 21.747 10406.379
 S  3214 39.312  0.00582 0.00044 22.00  1.85 63.596 132.933 110.916 21.751 10405.560
 S  3214 39.438  0.00576 0.00045 21.78  1.88 63.644 132.871 110.893 21.755 10404.610
 S  3214 39.562  0.00563 0.00045 21.28  1.88 63.685 132.818 110.874 21.759 10403.785
 S  3214 39.687  0.00546 0.00045 20.60  1.87 63.725 132.766 110.856 21.762 10403.155
 S  3214 39.813  0.00530 0.00044 19.95  1.85 63.773 132.705 110.834 21.766 10402.161
 S  3214 39.938  0.00516 0.00044 19.43  1.85 63.827 132.633 110.808 21.771 10401.043
 S  3214 40.061  0.00504 0.00044 18.99  1.85 63.879 132.564 110.784 21.776 10400.069
 S  3214 40.182  0.00491 0.00044 18.48  1.85 63.927 132.500 110.761 21.780 10399.088
 S  3214 40.302  0.00475 0.00044 17.86  1.84 63.970 132.443 110.741 21.784 10398.325
 S  3214 40.422  0.00458 0.00043 17.20  1.82 64.012 132.387 110.722 21.787 10397.477
 S  3214 40.540  0.00440 0.00043 16.50  1.80 64.063 132.318 110.698 21.792 10396.463
 S  3214 40.657  0.00420 0.00042 15.71  1.76 64.097 132.273 110.682 21.795 10395.826
 S  3214 40.776  0.00401 0.00041 14.95  1.73 64.143 132.210 110.661 21.799 10394.926
 S  3214 40.895  0.00386 0.00041 14.41  1.72 64.198 132.135 110.635 21.804 10393.969
 S  3214 41.013  0.00378 0.00041 14.14  1.73 64.259 132.051 110.607 21.810 10392.463
 S  3214 41.127  0.00375 0.00041 14.05  1.76 64.326 131.958 110.575 21.816 10391.311
 S  3214 41.236  0.00373 0.00042 14.01  1.79 64.374 131.891 110.553 21.821 10390.357
 S  3214 41.343  0.00371 0.00043 13.95  1.81 64.417 131.830 110.533 21.825 10389.520
 S  3214 41.448  0.00367 0.00043 13.84  1.82 64.459 131.771 110.513 21.829 10388.627
 S  3214 41.550  0.00362 0.00043 13.62  1.82 64.489 131.728 110.499 21.831 10388.065
 S  3214 41.652  0.00353 0.00042 13.28  1.79 64.511 131.697 110.488 21.833 10387.655
 S  3214 41.754  0.00344 0.00041 12.93  1.76 64.536 131.663 110.477 21.836 10387.176
 S  3214 41.857  0.00339 0.00041 12.74  1.75 64.571 131.613 110.460 21.839 10386.578
 S  3214 41.958  0.00337 0.00041 12.71  1.75 64.608 131.559 110.443 21.843 10385.568
 S  3214 42.056  0.00335 0.00041 12.65  1.75 64.635 131.522 110.430 21.845 10385.155
 S  3214 42.154  0.00330 0.00040 12.45  1.73 64.651 131.498 110.422 21.847 10384.846
 S  3214 42.252  0.00322 0.00040 12.15  1.69 64.667 131.477 110.415 21.848 10384.544
 S  3214 42.353  0.00316 0.00039 11.93  1.65 64.689 131.444 110.404 21.850 10384.131
 S  3214 42.454  0.00314 0.00038 11.88  1.63 64.724 131.393 110.388 21.854 10383.351
 S  3214 42.554  0.00315 0.00038 11.97  1.62 64.756 131.347 110.373 21.857 10382.699
 S  3214 42.655  0.00318 0.00038 12.17  1.62 64.790 131.298 110.357 21.860 10382.210
 S  3214 42.756  0.00326 0.00038 12.57  1.63 64.836 131.230 110.335 21.865 10381.023
 S  3214 42.852  0.00337 0.00038 13.10  1.66 64.872 131.177 110.318 21.868 10380.412
 S  3214 42.949  0.00351 0.00039 13.74  1.69 64.909 131.122 110.301 21.872 10379.712
 S  3214 43.041  0.00365 0.00040 14.40  1.72 64.945 131.068 110.284 21.875 10378.863
 S  3214 43.132  0.00376 0.00040 14.87  1.73 64.964 131.040 110.275 21.877 10378.526
 S  3214 43.222  0.00382 0.00040 15.18  1.72 64.980 131.017 110.267 21.879 10378.227
 S  3214 43.314  0.00389 0.00039 15.49  1.71 65.000 130.987 110.258 21.881 10377.883
 S  3214 43.406  0.00399 0.00039 16.00  1.72 65.031 130.941 110.243 21.884 10377.169
 S  3214 43.496  0.00413 0.00040 16.60  1.74 65.061 130.895 110.229 21.887 10376.505
 S  3214 43.583  0.00421 0.00040 17.01  1.75 65.079 130.869 110.221 21.889 10376.201
 S  3214 43.671  0.00424 0.00040 17.15  1.74 65.092 130.850 110.214 21.890 10375.933
 S  3214 43.760  0.00422 0.00039 17.10  1.71 65.107 130.827 110.207 21.891 10375.661
 S  3214 43.850  0.00420 0.00039 17.06  1.69 65.126 130.799 110.198 21.893 10375.258
 S  3214 43.941  0.00421 0.00038 17.18  1.68 65.155 130.755 110.184 21.896 10374.665
 S  3214 44.030  0.00427 0.00039 17.49  1.69 65.191 130.699 110.167 21.900 10373.872
 S  3214 44.117  0.00433 0.00039 17.80  1.71 65.219 130.656 110.154 21.903 10373.316
 S  3214 44.204  0.00437 0.00039 18.00  1.72 65.243 130.620 110.142 21.905 10372.834
 S  3214 44.289  0.00438 0.00039 18.08  1.73 65.267 130.584 110.131 21.908 10372.351
 S  3214 44.373  0.00437 0.00039 18.07  1.74 65.287 130.552 110.121 21.910 10371.936
 S  3214 44.456  0.00435 0.00040 18.01  1.75 65.306 130.523 110.112 21.912 10371.549
 S  3214 44.540  0.00434 0.00040 17.98  1.77 65.329 130.488 110.102 21.914 10371.087
 S  3214 44.622  0.00433 0.00041 17.98  1.79 65.351 130.453 110.091 21.916 10370.608
 S  3214 44.703  0.00432 0.00041 17.96  1.83 65.371 130.422 110.081 21.918 10370.176
 S  3214 44.783  0.00429 0.00042 17.83  1.85 65.383 130.405 110.076 21.920 10369.973
 S  3214 44.863  0.00423 0.00042 17.58  1.87 65.394 130.387 110.070 21.921 10369.705
 S  3214 44.943  0.00417 0.00043 17.31  1.88 65.407 130.368 110.064 21.922 10369.504
 S  3214 45.023  0.00412 0.00043 17.11  1.89 65.423 130.343 110.056 21.924 10369.163
 S  3214 45.104  0.00409 0.00043 17.00  1.90 65.438 130.320 110.049 21.925 10368.782
 S  3214 45.184  0.00407 0.00043 16.96  1.91 65.453 130.296 110.042 21.927 10368.521
 S  3214 45.264  0.00409 0.00044 17.06  1.93 65.473 130.265 110.032 21.929 10368.122
 S  3214 45.344  0.00414 0.00044 17.32  1.96 65.496 130.229 110.022 21.931 10367.572
 S  3214 45.422  0.00421 0.00045 17.63  1.98 65.514 130.200 110.013 21.933 10367.223
 S  3214 45.499  0.00426 0.00045 17.88  2.00 65.529 130.177 110.005 21.935 10366.912
 S  3214 45.576  0.00429 0.00045 18.01  1.99 65.540 130.160 110.000 21.936 10366.679
 S  3214 45.653  0.00430 0.00045 18.04  1.98 65.551 130.143 109.995 21.937 10366.486
 S  3214 45.729  0.00430 0.00044 18.07  1.96 65.561 130.127 109.990 21.938 10366.254
 S  3214 45.807  0.00432 0.00044 18.20  1.95 65.580 130.098 109.981 21.940 10365.922
 S  3214 45.884  0.00437 0.00044 18.42  1.95 65.596 130.072 109.973 21.942 10365.482
 S  3214 45.960  0.00441 0.00044 18.60  1.96 65.610 130.050 109.966 21.943 10365.234
 S  3214 46.035  0.00442 0.00045 18.67  1.97 65.623 130.029 109.960 21.945 10364.961
 S  3214 46.111  0.00442 0.00045 18.67  1.99 65.636 130.008 109.954 21.946 10364.707
 S  3214 46.186  0.00440 0.00046 18.63  2.03 65.651 129.985 109.947 21.948 10364.383
 S  3214 46.262  0.00439 0.00047 18.60  2.08 65.667 129.960 109.939 21.949 10364.053
 S  3214 46.336  0.00438 0.00048 18.55  2.15 65.682 129.936 109.932 21.951 10363.704
 S  3214 46.410  0.00436 0.00050 18.45  2.22 65.697 129.912 109.924 21.952 10363.415
 S  3214 46.483  0.00433 0.00052 18.32  2.30 65.712 129.887 109.917 21.954 10363.095
 S  3214 46.555  0.00427 0.00053 18.07  2.36 65.720 129.875 109.913 21.955 10362.928
 S  3214 46.627  0.00419 0.00054 17.71  2.40 65.729 129.862 109.909 21.956 10362.749
 S  3214 46.699  0.00410 0.00055 17.31  2.43 65.737 129.848 109.905 21.957 10362.573
 S  3214 46.771  0.00402 0.00056 16.92  2.45 65.747 129.834 109.900 21.958 10362.362
 S  3214 46.843  0.00394 0.00056 16.57  2.47 65.756 129.819 109.895 21.959 10362.168
 S  3214 46.914  0.00386 0.00056 16.24  2.47 65.766 129.804 109.891 21.960 10361.954
 S  3214 46.986  0.00379 0.00056 15.91  2.47 65.775 129.790 109.886 21.961 10361.776
 S  3214 47.058  0.00371 0.00055 15.57  2.44 65.782 129.778 109.883 21.961 10361.624
 S  3214 47.130  0.00363 0.00055 15.24  2.41 65.792 129.763 109.878 21.962 10361.431
 S  3214 47.202  0.00357 0.00054 14.97  2.37 65.802 129.746 109.873 21.963 10361.192
 S  3214 47.274  0.00352 0.00053 14.76  2.32 65.815 129.725 109.866 21.965 10360.927
 S  3214 47.346  0.00348 0.00052 14.60  2.27 65.826 129.708 109.861 21.966 10360.732
 S  3214 47.418  0.00345 0.00050 14.49  2.23 65.839 129.687 109.855 21.967 10360.400
 S  3214 47.489  0.00343 0.00049 14.41  2.19 65.853 129.665 109.848 21.969 10360.138
 S  3214 47.560  0.00341 0.00049 14.34  2.15 65.866 129.644 109.842 21.970 10359.871
 S  3214 47.630  0.00340 0.00048 14.27  2.12 65.878 129.624 109.836 21.972 10359.576
 S  3214 47.700  0.00337 0.00047 14.14  2.09 65.889 129.606 109.831 21.973 10359.348
 S  3214 47.768  0.00332 0.00047 13.91  2.06 65.896 129.595 109.827 21.974 10359.198
 S  3214 47.838  0.00324 0.00046 13.59  2.02 65.903 129.583 109.823 21.974 10359.066
 S  3214 47.907  0.00316 0.00045 13.22  1.99 65.910 129.572 109.820 21.975 10358.903
 S  3214 47.976  0.00307 0.00045 12.82  1.97 65.919 129.558 109.816 21.976 10358.707
 S  3214 48.045  0.00297 0.00044 12.41  1.94 65.929 129.543 109.811 21.977 10358.522
 S  3214 48.115  0.00288 0.00044 11.99  1.92 65.939 129.526 109.806 21.978 10358.345
 S  3214 48.184  0.00278 0.00043 11.57  1.91 65.951 129.507 109.800 21.979 10358.016
 S  3214 48.253  0.00267 0.00043 11.11  1.89 65.963 129.487 109.794 21.981 10357.791
 S  3214 48.321  0.00256 0.00043 10.62  1.87 65.975 129.468 109.788 21.982 10357.534
 S  3214 48.389  0.00243 0.00042 10.04  1.85 65.983 129.455 109.784 21.983 10357.378
 S  3214 48.457  0.00229 0.00041  9.41  1.82 65.991 129.441 109.780 21.984 10357.181
 S  3214 48.524  0.00213 0.00041  8.73  1.79 66.001 129.426 109.776 21.985 10356.981
 S  3214 48.591  0.00197 0.00040  8.04  1.76 66.009 129.412 109.771 21.986 10356.795
 S  3214 48.658  0.00181 0.00039  7.33  1.73 66.018 129.398 109.767 21.987 10356.610
 S  3214 48.725  0.00166 0.00039  6.63  1.70 66.027 129.384 109.763 21.988 10356.430
 S  3214 48.791  0.00150 0.00038  5.94  1.67 66.034 129.372 109.759 21.988 10356.270
 S  3214 48.857  0.00135 0.00037  5.28  1.64 66.040 129.362 109.756 21.989 10356.135
 S  3214 48.923  0.00121 0.00037  4.66  1.61 66.047 129.352 109.753 21.990 10356.003
 S  3214 48.989  0.00108 0.00036  4.10  1.58 66.054 129.341 109.749 21.990 10355.853
 S  3214 49.055  0.00096 0.00036  3.60  1.56 66.061 129.330 109.746 21.991 10355.691
 S  3214 49.120  0.00086 0.00035  3.17  1.54 66.067 129.319 109.743 21.992 10355.557
 S  3214 49.186  0.00078 0.00035  2.81  1.52 66.073 129.310 109.739 21.993 10355.437
 S  3214 49.252  0.00071 0.00034  2.52  1.50 66.080 129.300 109.736 21.993 10355.293
 S  3214 49.318  0.00066 0.00034  2.30  1.47 66.087 129.289 109.733 21.994 10355.140
 S  3214 49.384  0.00063 0.00033  2.15  1.45 66.094 129.277 109.729 21.995 10354.994
 S  3214 49.449  0.00060 0.00033  2.05  1.43 66.101 129.265 109.726 21.995 10354.834
 S  3214 49.515  0.00059 0.00032  2.00  1.41 66.110 129.251 109.721 21.996 10354.643
 S  3214 49.581  0.00058 0.00032  1.96  1.38 66.118 129.237 109.717 21.997 10354.460
 S  3214 49.646  0.00058 0.00031  1.95  1.36 66.126 129.225 109.713 21.998 10354.296
 S  3214 49.711  0.00057 0.00031  1.94  1.33 66.134 129.212 109.709 21.999 10354.133
 S  3214 49.776  0.00057 0.00030  1.94  1.31 66.143 129.197 109.705 22.000 10353.942
 S  3214 49.841  0.00057 0.00030  1.94  1.28 66.150 129.186 109.702 22.001 10353.785
 S  3214 49.905  0.00057 0.00029  1.93  1.26 66.157 129.174 109.698 22.002 10353.635
 S  3214 49.969  0.00057 0.00029  1.92  1.23 66.163 129.164 109.695 22.002 10353.494
 S  3214 50.033  0.00056 0.00028  1.90  1.21 66.169 129.154 109.692 22.003 10353.363
 S  3214 50.097  0.00056 0.00027  1.90  1.18 66.175 129.145 109.689 22.004 10353.238
 S  3214 50.161  0.00056 0.00027  1.90  1.16 66.181 129.135 109.686 22.004 10353.108
 S  3214 50.225  0.00057 0.00026  1.93  1.13 66.188 129.125 109.683 22.005 10352.981
 S  3214 50.289  0.00057 0.00026  1.96  1.11 66.194 129.114 109.679 22.006 10352.828
 S  3214 50.353  0.00058 0.00026  2.00  1.10 66.201 129.103 109.676 22.006 10352.675
 S  3214 50.417  0.00059 0.00025  2.03  1.08 66.208 129.092 109.672 22.007 10352.528
 S  3214 50.481  0.00059 0.00025  2.05  1.07 66.215 129.080 109.669 22.008 10352.387
 S  3214 50.544  0.00059 0.00025  2.06  1.06 66.222 129.070 109.665 22.009 10352.257
 S  3214 50.607  0.00060 0.00025  2.08  1.05 66.228 129.059 109.662 22.009 10352.072
 S  3214 50.670  0.00060 0.00025  2.11  1.05 66.235 129.048 109.659 22.010 10351.949
 S  3214 50.733  0.00061 0.00025  2.15  1.05 66.241 129.038 109.656 22.011 10351.824
 S  3214 50.796  0.00063 0.00025  2.22  1.05 66.247 129.028 109.652 22.011 10351.668
 S  3214 50.859  0.00065 0.00025  2.31  1.05 66.253 129.018 109.650 22.012 10351.541
 S  3214 50.921  0.00067 0.00025  2.41  1.05 66.259 129.010 109.647 22.013 10351.434
 S  3214 50.984  0.00070 0.00025  2.52  1.05 66.264 129.001 109.644 22.013 10351.321
 S  3214 51.046  0.00072 0.00025  2.62  1.04 66.270 128.992 109.641 22.014 10351.191
 S  3214 51.109  0.00075 0.00025  2.73  1.04 66.276 128.981 109.638 22.014 10351.053
 S  3214 51.171  0.00077 0.00025  2.82  1.04 66.282 128.971 109.635 22.015 10350.921
 S  3214 51.233  0.00079 0.00025  2.90  1.04 66.288 128.962 109.632 22.016 10350.799
 S  3214 51.295  0.00081 0.00025  2.97  1.04 66.294 128.951 109.629 22.016 10350.657
 S  3214 51.357  0.00082 0.00025  3.03  1.04 66.300 128.943 109.626 22.017 10350.544
 S  3214 51.419  0.00084 0.00025  3.10  1.04 66.305 128.935 109.623 22.018 10350.434
 S  3214 51.480  0.00085 0.00025  3.16  1.03 66.310 128.926 109.621 22.018 10350.314
 S  3214 51.542  0.00087 0.00025  3.22  1.03 66.315 128.918 109.618 22.019 10350.200
 S  3214 51.603  0.00088 0.00024  3.28  1.02 66.321 128.909 109.615 22.019 10350.086
 S  3214 51.665  0.00089 0.00024  3.33  1.02 66.326 128.901 109.613 22.020 10349.972
 S  3214 51.726  0.00090 0.00024  3.38  1.02 66.331 128.892 109.610 22.020 10349.852
 S  3214 51.788  0.00092 0.00024  3.42  1.02 66.337 128.883 109.607 22.021 10349.729
 S  3214 51.849  0.00092 0.00024  3.46  1.02 66.342 128.874 109.604 22.022 10349.612
 S  3214 51.910  0.00093 0.00024  3.49  1.02 66.347 128.866 109.602 22.022 10349.508
 S  3214 51.971  0.00094 0.00024  3.53  1.01 66.352 128.858 109.599 22.023 10349.397
 S  3214 52.032  0.00095 0.00024  3.57  1.02 66.357 128.850 109.597 22.023 10349.282
 S  3214 52.093  0.00096 0.00025  3.61  1.02 66.363 128.840 109.594 22.024 10349.159
 S  3214 52.154  0.00097 0.00025  3.64  1.02 66.369 128.832 109.591 22.024 10349.041
 S  3214 52.214  0.00098 0.00025  3.67  1.03 66.374 128.824 109.588 22.025 10348.931
 S  3214 52.275  0.00098 0.00025  3.70  1.03 66.378 128.816 109.586 22.025 10348.827
 S  3214 52.335  0.00099 0.00025  3.72  1.03 66.383 128.808 109.583 22.026 10348.718
 S  3214 52.395  0.00100 0.00025  3.74  1.04 66.388 128.800 109.581 22.026 10348.616
 S  3214 52.456  0.00100 0.00025  3.76  1.04 66.392 128.793 109.579 22.027 10348.519
 S  3214 52.516  0.00101 0.00025  3.77  1.04 66.397 128.785 109.576 22.027 10348.409
 S  3214 52.576  0.00101 0.00026  3.78  1.05 66.402 128.777 109.574 22.028 10348.301
 S  3214 52.636  0.00101 0.00026  3.78  1.05 66.407 128.770 109.571 22.028 10348.203
 S  3214 52.696  0.00101 0.00026  3.77  1.06 66.412 128.762 109.569 22.029 10348.097
 S  3214 52.756  0.00100 0.00026  3.75  1.07 66.416 128.754 109.566 22.030 10347.991
 S  3214 52.816  0.00099 0.00026  3.70  1.07 66.421 128.747 109.564 22.030 10347.895
 S  3214 52.876  0.00097 0.00026  3.63  1.08 66.425 128.740 109.562 22.030 10347.798
 S  3214 52.936  0.00095 0.00027  3.53  1.08 66.430 128.733 109.559 22.031 10347.700
 S  3214 52.995  0.00092 0.00027  3.41  1.09 66.434 128.726 109.557 22.031 10347.599
 S  3214 53.055  0.00089 0.00027  3.28  1.09 66.439 128.718 109.555 22.032 10347.496
 S  3214 53.115  0.00085 0.00027  3.12  1.10 66.444 128.710 109.552 22.032 10347.385
 S  3214 53.174  0.00081 0.00027  2.96  1.10 66.449 128.703 109.550 22.033 10347.286
 S  3214 53.233  0.00077 0.00028  2.79  1.11 66.453 128.696 109.547 22.033 10347.191
 S  3214 53.293  0.00073 0.00028  2.61  1.11 66.457 128.690 109.545 22.034 10347.104
 S  3214 53.352  0.00068 0.00028  2.43  1.12 66.461 128.683 109.543 22.034 10347.017
 S  3214 53.411  0.00064 0.00028  2.25  1.12 66.465 128.677 109.541 22.035 10346.932
 S  3214 53.470  0.00059 0.00028  2.06  1.12 66.469 128.671 109.539 22.035 10346.845
 S  3214 53.529  0.00054 0.00028  1.87  1.13 66.473 128.664 109.537 22.036 10346.749
 S  3214 53.588  0.00049 0.00028  1.67  1.13 66.477 128.658 109.535 22.036 10346.659
 S  3214 53.647  0.00044 0.00028  1.46  1.13 66.481 128.651 109.533 22.036 10346.575
 S  3214 53.706  0.00039 0.00028  1.24  1.13 66.485 128.645 109.531 22.037 10346.483
 S  3214 53.765  0.00033 0.00028  1.03  1.13 66.489 128.638 109.528 22.037 10346.387
 S  3214 53.824  0.00028 0.00028  0.83  1.13 66.494 128.630 109.526 22.038 10346.285
 S  3214 53.883  0.00023 0.00028  0.64  1.13 66.499 128.623 109.524 22.038 10346.187
 S  3214 53.942  0.00019 0.00028  0.47  1.12 66.502 128.617 109.522 22.039 10346.100
 S  3214 54.000  0.00015 0.00028  0.32  1.12 66.506 128.611 109.520 22.039 10346.012
 S  3214 54.059  0.00011 0.00028  0.17  1.11 66.510 128.604 109.517 22.040 10345.924
 S  3214 54.117  0.00008 0.00028  0.03  1.11 66.515 128.598 109.515 22.040 10345.833
 S  3214 54.176  0.00005 0.00028 -0.09  1.10 66.519 128.591 109.513 22.040 10345.741
 S  3214 54.234  0.00002 0.00028 -0.21  1.10 66.523 128.585 109.511 22.041 10345.654
 S  3214 54.293 -0.00001 0.00028 -0.31  1.10 66.527 128.578 109.509 22.041 10345.568
 S  3214 54.351 -0.00003 0.00028 -0.40  1.10 66.531 128.572 109.507 22.042 10345.477
 S  3214 54.409 -0.00005 0.00028 -0.47  1.10 66.535 128.565 109.505 22.042 10345.386
 S  3214 54.467 -0.00007 0.00028 -0.52  1.11 66.538 128.560 109.503 22.043 10345.310
 S  3214 54.526 -0.00008 0.00028 -0.56  1.11 66.542 128.554 109.501 22.043 10345.235
 S  3214 54.584 -0.00008 0.00029 -0.57  1.12 66.546 128.548 109.499 22.043 10345.148
 S  3214 54.642 -0.00008 0.00029 -0.56  1.12 66.550 128.542 109.497 22.044 10345.060
 S  3214 54.700 -0.00007 0.00029 -0.52  1.13 66.554 128.535 109.495 22.044 10344.969
 S  3214 54.758 -0.00006 0.00029 -0.47  1.13 66.558 128.529 109.493 22.045 10344.879
 S  3214 54.816 -0.00004 0.00029 -0.42  1.14 66.562 128.523 109.491 22.045 10344.795
 S  3214 54.874 -0.00003 0.00029 -0.37  1.14 66.565 128.516 109.489 22.045 10344.708
 S  3214 54.932 -0.00003 0.00029 -0.35  1.14 66.570 128.509 109.486 22.046 10344.612
 S  3214 54.990 -0.00003 0.00029 -0.35  1.15 66.574 128.503 109.484 22.046 10344.526
 S  3214 55.048 -0.00003 0.00030 -0.36  1.15 66.577 128.497 109.482 22.047 10344.446
 S  3214 55.105 -0.00004 0.00030 -0.37  1.15 66.581 128.492 109.481 22.047 10344.367
 S  3214 55.163 -0.00004 0.00030 -0.38  1.15 66.584 128.486 109.479 22.047 10344.289
 S  3214 55.221 -0.00003 0.00030 -0.36  1.15 66.588 128.481 109.477 22.048 10344.212
 S  3214 55.279 -0.00003 0.00030 -0.33  1.15 66.591 128.475 109.475 22.048 10344.134
 S  3214 55.336 -0.00002 0.00030 -0.29  1.14 66.595 128.469 109.473 22.049 10344.048
 S  3214 55.394 -0.00001 0.00029 -0.25  1.14 66.600 128.461 109.470 22.049 10343.942
 S  3214 55.452  0.00000 0.00029 -0.21  1.14 66.605 128.452 109.468 22.050 10343.829
 S  3214 55.510  0.00001 0.00029 -0.17  1.14 66.610 128.444 109.465 22.050 10343.715
 S  3214 55.567  0.00002 0.00030 -0.15  1.14 66.615 128.435 109.463 22.051 10343.604
 S  3214 55.625  0.00001 0.00030 -0.16  1.15 66.620 128.428 109.460 22.051 10343.501
 S  3214 55.682  0.00001 0.00030 -0.18  1.15 66.625 128.420 109.458 22.052 10343.401
 S  3214 55.739  0.00000 0.00030 -0.23  1.16 66.629 128.413 109.456 22.052 10343.302
 S  3214 55.796 -0.00002 0.00030 -0.28  1.16 66.633 128.406 109.453 22.053 10343.210
 S  3214 55.852 -0.00004 0.00030 -0.34  1.17 66.637 128.400 109.451 22.053 10343.124
 S  3214 55.909 -0.00005 0.00030 -0.39  1.17 66.640 128.395 109.450 22.054 10343.050
 S  3214 55.965 -0.00006 0.00030 -0.42  1.17 66.643 128.390 109.448 22.054 10342.982
 S  3214 56.022 -0.00006 0.00030 -0.44  1.16 66.647 128.385 109.446 22.054 10342.912
 S  3214 56.078 -0.00007 0.00030 -0.44  1.16 66.650 128.380 109.445 22.054 10342.839
 S  3214 56.134 -0.00006 0.00030 -0.43  1.15 66.653 128.375 109.443 22.055 10342.765
 S  3214 56.191 -0.00005 0.00030 -0.39  1.14 66.657 128.369 109.441 22.055 10342.684
 S  3214 56.247 -0.00004 0.00030 -0.34  1.13 66.660 128.363 109.439 22.056 10342.604
 S  3214 56.303 -0.00003 0.00029 -0.29  1.12 66.664 128.358 109.437 22.056 10342.533
 S  3214 56.359 -0.00001 0.00029 -0.23  1.11 66.667 128.353 109.436 22.056 10342.463
 S  3214 56.415  0.00000 0.00029 -0.18  1.09 66.670 128.348 109.434 22.057 10342.389
 S  3214 56.471  0.00001 0.00028 -0.14  1.08 66.673 128.343 109.432 22.057 10342.314
 S  3214 56.527  0.00002 0.00028 -0.10  1.07 66.676 128.338 109.430 22.057 10342.248
 S  3214 56.583  0.00003 0.00028 -0.06  1.06 66.679 128.334 109.429 22.058 10342.191
 S  3214 56.639  0.00004 0.00028 -0.03  1.05 66.681 128.331 109.428 22.058 10342.135
 S  3214 56.695  0.00005 0.00028  0.01  1.05 66.684 128.326 109.426 22.058 10342.070
 S  3214 56.750  0.00006 0.00028  0.05  1.07 66.687 128.321 109.424 22.058 10341.999
 S  3214 56.806  0.00007 0.00029  0.09  1.09 66.690 128.317 109.423 22.059 10341.933
 S  3214 56.862  0.00008 0.00030  0.11  1.12 66.693 128.313 109.421 22.059 10341.878
 S  3214 56.917  0.00008 0.00031  0.13  1.16 66.695 128.309 109.420 22.059 10341.823
 S  3214 56.973  0.00008 0.00033  0.13  1.22 66.698 128.306 109.419 22.059 10341.766
 S  3214 57.029  0.00008 0.00035  0.12  1.29 66.701 128.301 109.417 22.060 10341.704
 S  3214 57.084  0.00007 0.00037  0.09  1.36 66.703 128.297 109.416 22.060 10341.641
 S  3214 57.140  0.00006 0.00039  0.05  1.45 66.706 128.294 109.414 22.060 10341.586
 S  3214 57.195  0.00004 0.00042  0.00  1.54 66.708 128.290 109.413 22.060 10341.535
 S  3214 57.251  0.00003 0.00044 -0.05  1.64 66.710 128.287 109.412 22.061 10341.484
 S  3214 57.306  0.00002 0.00047 -0.10  1.73 66.713 128.283 109.410 22.061 10341.430
 S  3214 57.362  0.00001 0.00049 -0.13  1.83 66.715 128.280 109.409 22.061 10341.372
 S  3214 57.418  0.00000 0.00052 -0.16  1.91 66.718 128.276 109.408 22.061 10341.314
 S  3214 57.473 -0.00001 0.00054 -0.18  1.98 66.720 128.272 109.406 22.062 10341.254
 S  3214 57.529 -0.00001 0.00055 -0.20  2.04 66.723 128.268 109.405 22.062 10341.193
 S  3214 57.585 -0.00002 0.00056 -0.23  2.08 66.726 128.263 109.403 22.062 10341.132
 S  3214 57.640 -0.00004 0.00058 -0.29  2.13 66.730 128.257 109.401 22.063 10341.049
 S  3214 57.696 -0.00007 0.00060 -0.40  2.22 66.733 128.251 109.399 22.063 10340.966
 X  3212 35.138  0.01746 0.00361  3.89  3.08 60.348 136.152 112.219 21.480 73415.880
 X  3212 35.420  0.01764 0.00308  4.44  2.65 60.801 135.736 112.015 21.508 73402.383
 X  3212 35.671  0.01814 0.00277  5.22  2.41 61.098 135.453 111.880 21.527 73392.610
 X  3212 35.904  0.01884 0.00294  6.15  2.57 61.317 135.237 111.781 21.541 73387.387
 X  3212 36.128  0.01964 0.00322  7.19  2.84 61.549 135.001 111.676 21.557 73383.650
 X  3212 36.344  0.02053 0.00335  8.31  2.97 61.791 134.749 111.567 21.574 73378.909
 X  3212 36.548  0.02149 0.00329  9.48  2.94 62.024 134.502 111.461 21.590 73375.695
 X  3212 36.732  0.02240 0.00309 10.55  2.78 62.206 134.304 111.379 21.604 73371.065
 X  3212 36.904  0.02309 0.00294 11.40  2.66 62.323 134.174 111.326 21.612 73366.985
 X  3212 37.070  0.02342 0.00280 11.93  2.54 62.420 134.066 111.282 21.619 73364.823
 X  3212 37.232  0.02340 0.00250 12.12  2.28 62.495 133.981 111.248 21.625 73362.641
 X  3212 37.393  0.02313 0.00214 12.10  1.96 62.546 133.924 111.224 21.629 73361.006
 X  3212 37.563  0.02282 0.00197 12.10  1.82 62.660 133.793 111.173 21.638 73360.124
 X  3212 37.725  0.02260 0.00209 12.16  1.94 62.765 133.670 111.125 21.646 73358.957
 X  3212 37.886  0.02255 0.00230 12.36  2.15 62.856 133.564 111.083 21.653 73356.126
 X  3212 38.047  0.02270 0.00241 12.78  2.26 62.949 133.454 111.041 21.660 73354.600
 X  3212 38.208  0.02310 0.00254 13.46  2.41 63.107 133.264 110.970 21.673 73353.278
 X  3212 38.358  0.02370 0.00273 14.30  2.61 63.237 133.105 110.911 21.683 73350.567
 X  3212 38.496  0.02433 0.00280 15.09  2.68 63.308 133.017 110.878 21.689 73348.181
 X  3212 38.632  0.02486 0.00269 15.81  2.59 63.373 132.937 110.849 21.695 73345.646
 X  3212 38.769  0.02531 0.00249 16.48  2.41 63.440 132.853 110.818 21.700 73344.822
 X  3212 38.904  0.02573 0.00247 17.13  2.40 63.522 132.749 110.781 21.707 73343.596
 X  3212 39.035  0.02608 0.00271 17.67  2.65 63.633 132.608 110.730 21.717 73342.357
 X  3212 39.153  0.02618 0.00295 17.92  2.90 63.662 132.571 110.717 21.719 73340.031
 X  3212 39.273  0.02590 0.00287 17.81  2.82 63.686 132.540 110.706 21.721 73338.842
 X  3212 39.394  0.02530 0.00255 17.40  2.52 63.710 132.510 110.695 21.723 73338.360
 X  3212 39.519  0.02453 0.00229 16.85  2.27 63.754 132.453 110.675 21.727 73337.913
 X  3212 39.643  0.02375 0.00215 16.29  2.14 63.801 132.392 110.653 21.731 73337.435
 X  3212 39.768  0.02304 0.00209 15.80  2.10 63.855 132.322 110.628 21.736 73336.448
 X  3212 39.892  0.02245 0.00216 15.43  2.18 63.915 132.243 110.601 21.741 73335.540
 X  3212 40.016  0.02198 0.00223 15.19  2.26 63.968 132.172 110.577 21.746 73334.317
 X  3212 40.139  0.02160 0.00221 15.03  2.25 64.063 132.045 110.533 21.754 73333.464
 X  3212 40.253  0.02121 0.00220 14.82  2.26 64.104 131.989 110.514 21.758 73331.767
 X  3212 40.367  0.02078 0.00211 14.55  2.17 64.149 131.929 110.494 21.762 73330.484
 X  3212 40.481  0.02032 0.00195 14.27  2.02 64.198 131.862 110.472 21.766 73329.715
 X  3212 40.592  0.01988 0.00184 13.99  1.91 64.244 131.799 110.450 21.770 73328.727
 X  3212 40.702  0.01948 0.00179 13.75  1.87 64.290 131.736 110.429 21.775 73327.818
 X  3212 40.811  0.01914 0.00178 13.56  1.87 64.336 131.673 110.408 21.779 73326.964
 X  3212 40.917  0.01884 0.00176 13.39  1.86 64.376 131.617 110.390 21.783 73326.099
 X  3212 41.022  0.01858 0.00168 13.26  1.78 64.407 131.574 110.375 21.785 73325.078
 X  3212 41.126  0.01834 0.00157 13.17  1.67 64.443 131.524 110.359 21.789 73324.439
 X  3212 41.230  0.01812 0.00152 13.09  1.63 64.476 131.479 110.344 21.792 73323.810
 X  3212 41.334  0.01793 0.00152 13.04  1.63 64.510 131.430 110.328 21.795 73323.111
 X  3212 41.437  0.01778 0.00150 13.03  1.62 64.545 131.381 110.312 21.798 73322.472
 X  3212 41.539  0.01767 0.00144 13.08  1.56 64.582 131.329 110.295 21.802 73321.767
 X  3212 41.642  0.01761 0.00138 13.18  1.50 64.629 131.262 110.273 21.806 73321.117
 X  3212 41.740  0.01758 0.00133 13.29  1.46 64.662 131.214 110.258 21.809 73320.341
 X  3212 41.838  0.01758 0.00129 13.43  1.42 64.693 131.170 110.244 21.812 73319.387
 X  3212 41.936  0.01760 0.00128 13.59  1.42 64.726 131.122 110.228 21.816 73318.761
 X  3212 42.032  0.01765 0.00128 13.80  1.43 64.760 131.073 110.212 21.819 73318.172
 X  3212 42.127  0.01774 0.00129 14.03  1.44 64.792 131.026 110.198 21.822 73317.541
 X  3212 42.220  0.01783 0.00129 14.26  1.45 64.820 130.986 110.185 21.825 73316.812
 X  3212 42.311  0.01789 0.00130 14.44  1.46 64.840 130.957 110.175 21.827 73316.172
 X  3212 42.402  0.01790 0.00134 14.58  1.51 64.859 130.929 110.166 21.828 73315.667
 X  3212 42.494  0.01786 0.00136 14.66  1.55 64.879 130.901 110.157 21.830 73315.265
 X  3212 42.585  0.01777 0.00134 14.68  1.53 64.898 130.873 110.148 21.832 73314.888
 X  3212 42.675  0.01765 0.00133 14.66  1.52 64.912 130.853 110.142 21.834 73314.505
 X  3212 42.768  0.01751 0.00144 14.66  1.65 64.929 130.828 110.134 21.835 73314.153
 X  3212 42.861  0.01740 0.00157 14.69  1.81 64.953 130.793 110.122 21.838 73313.834
 X  3212 42.955  0.01730 0.00164 14.74  1.90 64.984 130.747 110.108 21.841 73313.463
 X  3212 43.048  0.01720 0.00162 14.80  1.90 65.021 130.693 110.091 21.844 73312.956
 X  3212 43.138  0.01704 0.00156 14.77  1.82 65.051 130.648 110.077 21.847 73312.323
 X  3212 43.227  0.01681 0.00149 14.63  1.76 65.070 130.619 110.068 21.849 73311.548
 X  3212 43.316  0.01650 0.00154 14.41  1.82 65.086 130.595 110.061 21.851 73311.026
 X  3212 43.407  0.01618 0.00170 14.20  2.03 65.108 130.562 110.050 21.853 73310.662
 X  3212 43.500  0.01591 0.00182 14.08  2.18 65.148 130.502 110.032 21.857 73310.333
 X  3212 43.588  0.01569 0.00179 13.96  2.16 65.182 130.450 110.016 21.860 73309.902
 X  3212 43.675  0.01549 0.00171 13.86  2.07 65.206 130.414 110.005 21.863 73308.963
 X  3212 43.761  0.01534 0.00166 13.82  2.02 65.229 130.379 109.995 21.865 73308.338
 X  3212 43.848  0.01528 0.00169 13.88  2.07 65.254 130.341 109.983 21.868 73307.872
 X  3212 43.933  0.01531 0.00179 14.07  2.21 65.282 130.298 109.970 21.870 73307.397
 X  3212 44.018  0.01544 0.00200 14.36  2.47 65.307 130.259 109.958 21.873 73306.875
 X  3212 44.101  0.01563 0.00228 14.72  2.83 65.327 130.229 109.949 21.875 73306.300
 X  3212 44.184  0.01583 0.00258 15.10  3.21 65.348 130.197 109.939 21.877 73305.801
 X  3212 44.268  0.01602 0.00284 15.49  3.56 65.371 130.161 109.928 21.880 73305.396
 X  3212 44.350  0.01618 0.00281 15.83  3.54 65.397 130.120 109.916 21.882 73304.984
 X  3212 44.433  0.01630 0.00257 16.12  3.25 65.426 130.076 109.903 21.885 73304.497
 X  3212 44.513  0.01637 0.00253 16.34  3.22 65.450 130.038 109.891 21.888 73303.964
 X  3212 44.591  0.01641 0.00270 16.49  3.45 65.471 130.006 109.882 21.890 73303.376
 X  3212 44.669  0.01640 0.00305 16.59  3.90 65.487 129.981 109.874 21.892 73302.873
 X  3212 44.747  0.01637 0.00330 16.64  4.24 65.504 129.954 109.866 21.893 73302.461
 X  3212 44.825  0.01630 0.00330 16.67  4.26 65.523 129.923 109.857 21.895 73302.104
 X  3212 44.901  0.01621 0.00315 16.65  4.07 65.543 129.892 109.848 21.898 73301.741
 X  3212 44.976  0.01608 0.00307 16.56  3.97 65.557 129.871 109.841 21.899 73301.354
 X  3212 45.051  0.01592 0.00312 16.43  4.05 65.569 129.852 109.835 21.900 73300.984
 X  3212 45.125  0.01576 0.00348 16.30  4.53 65.582 129.832 109.829 21.902 73300.699
 X  3212 45.200  0.01562 0.00372 16.21  4.86 65.595 129.812 109.823 21.903 73300.426
 X  3212 45.274  0.01552 0.00347 16.16  4.54 65.610 129.788 109.816 21.904 73300.154
 X  3212 45.348  0.01547 0.00308 16.17  4.03 65.623 129.768 109.810 21.906 73299.882
 X  3212 45.421  0.01548 0.00307 16.25  4.03 65.635 129.748 109.804 21.907 73299.595
 X  3212 45.494  0.01553 0.00344 16.39  4.54 65.648 129.729 109.798 21.908 73299.309
 X  3212 45.567  0.01561 0.00382 16.58  5.04 65.660 129.709 109.792 21.910 73299.041
 X  3212 45.639  0.01569 0.00398 16.75  5.26 65.672 129.690 109.786 21.911 73298.792
 X  3212 45.711  0.01573 0.00385 16.87  5.10 65.680 129.678 109.783 21.912 73298.564
 X  3212 45.782  0.01571 0.00335 16.90  4.44 65.687 129.668 109.779 21.912 73298.357
 X  3212 45.854  0.01562 0.00269 16.84  3.58 65.692 129.661 109.777 21.913 73298.184
 X  3212 45.926  0.01547 0.00272 16.73  3.62 65.697 129.653 109.774 21.913 73298.034
 X  3212 45.999  0.01529 0.00349 16.58  4.67 65.704 129.643 109.771 21.914 73297.894
 X  3212 46.072  0.01508 0.00431 16.40  5.78 65.712 129.630 109.767 21.915 73297.751
 X  3212 46.147  0.01487 0.00482 16.23  6.50 65.728 129.605 109.759 21.917 73297.591
 X  3212 46.221  0.01467 0.00482 16.09  6.53 65.746 129.576 109.751 21.919 73297.395
 X  3212 46.295  0.01449 0.00440 15.96  5.99 65.763 129.549 109.743 21.920 73297.132
 X  3212 46.368  0.01433 0.00395 15.85  5.39 65.779 129.524 109.735 21.922 73296.803
 X  3212 46.441  0.01419 0.00393 15.78  5.38 65.797 129.494 109.727 21.924 73296.420
 X  3212 46.512  0.01406 0.00425 15.69  5.85 65.814 129.466 109.719 21.926 73296.071
 X  3212 46.583  0.01392 0.00448 15.57  6.17 65.827 129.445 109.713 21.927 73295.703
 X  3212 46.653  0.01374 0.00438 15.40  6.05 65.837 129.429 109.708 21.928 73295.335
 X  3212 46.723  0.01352 0.00401 15.18  5.56 65.850 129.408 109.702 21.930 73295.065
 X  3212 46.793  0.01328 0.00371 14.92  5.16 65.863 129.388 109.695 21.931 73294.817
 X  3212 46.862  0.01303 0.00361 14.64  5.04 65.873 129.373 109.691 21.932 73294.555
 X  3212 46.931  0.01277 0.00355 14.35  4.96 65.882 129.357 109.686 21.933 73294.313
 X  3212 47.000  0.01251 0.00340 14.06  4.77 65.892 129.342 109.682 21.934 73294.097
 X  3212 47.069  0.01228 0.00329 13.81  4.63 65.902 129.325 109.676 21.935 73293.900
 X  3212 47.138  0.01208 0.00321 13.60  4.53 65.914 129.306 109.671 21.937 73293.695
 X  3212 47.207  0.01191 0.00299 13.43  4.22 65.926 129.286 109.665 21.938 73293.488
 X  3212 47.274  0.01176 0.00254 13.27  3.59 65.936 129.271 109.661 21.939 73293.252
 X  3212 47.342  0.01162 0.00209 13.13  2.96 65.943 129.260 109.657 21.940 73292.982
 X  3212 47.410  0.01149 0.00182 13.02  2.59 65.953 129.243 109.652 21.941 73292.782
 X  3212 47.478  0.01138 0.00205 12.93  2.93 65.967 129.221 109.646 21.942 73292.671
 X  3212 47.545  0.01129 0.00274 12.85  3.92 65.974 129.209 109.642 21.943 73292.400
 X  3212 47.611  0.01120 0.00336 12.77  4.81 65.983 129.195 109.638 21.944 73292.127
 X  3212 47.677  0.01106 0.00367 12.63  5.26 65.990 129.183 109.634 21.945 73291.958
 X  3212 47.744  0.01086 0.00355 12.38  5.10 65.996 129.175 109.631 21.945 73291.780
 X  3212 47.810  0.01057 0.00323 12.02  4.65 66.001 129.166 109.629 21.946 73291.618
 X  3212 47.876  0.01021 0.00316 11.56  4.56 66.007 129.157 109.626 21.946 73291.516
 X  3212 47.944  0.00981 0.00339 11.05  4.91 66.015 129.145 109.622 21.947 73291.390
 X  3212 48.011  0.00940 0.00364 10.52  5.28 66.023 129.131 109.618 21.948 73291.249
 X  3212 48.078  0.00900 0.00375 10.00  5.46 66.034 129.115 109.613 21.949 73291.093
 X  3212 48.145  0.00863 0.00370  9.52  5.40 66.044 129.097 109.608 21.951 73290.924
 X  3212 48.212  0.00828 0.00354  9.08  5.19 66.055 129.079 109.603 21.952 73290.707
 X  3212 48.278  0.00797 0.00332  8.68  4.88 66.067 129.060 109.597 21.953 73290.489
 X  3212 48.344  0.00768 0.00305  8.31  4.50 66.077 129.044 109.592 21.954 73290.239
 X  3212 48.410  0.00741 0.00275  7.96  4.06 66.087 129.027 109.587 21.955 73289.995
 X  3212 48.476  0.00715 0.00244  7.64  3.62 66.097 129.010 109.582 21.956 73289.762
 X  3212 48.541  0.00692 0.00219  7.33  3.25 66.108 128.993 109.577 21.957 73289.556
 X  3212 48.606  0.00670 0.00205  7.05  3.05 66.116 128.980 109.573 21.958 73289.357
 X  3212 48.670  0.00650 0.00201  6.80  3.00 66.123 128.968 109.570 21.959 73289.146
 X  3212 48.735  0.00632 0.00199  6.57  2.97 66.131 128.956 109.566 21.960 73288.953
 X  3212 48.799  0.00616 0.00198  6.37  2.97 66.138 128.944 109.563 21.961 73288.788
 X  3212 48.863  0.00602 0.00201  6.19  3.02 66.146 128.932 109.559 21.962 73288.635
 X  3212 48.927  0.00589 0.00204  6.04  3.07 66.154 128.918 109.555 21.962 73288.486
 X  3212 48.991  0.00579 0.00199  5.93  3.01 66.162 128.905 109.551 21.963 73288.314
 X  3212 49.055  0.00570 0.00185  5.83  2.80 66.171 128.890 109.547 21.964 73288.138
 X  3212 49.118  0.00563 0.00175  5.76  2.65 66.178 128.879 109.543 21.965 73287.970
 X  3212 49.182  0.00558 0.00182  5.72  2.76 66.184 128.869 109.540 21.966 73287.792
 X  3212 49.245  0.00554 0.00195  5.69  2.97 66.191 128.858 109.537 21.966 73287.621
 X  3212 49.308  0.00552 0.00206  5.69  3.14 66.197 128.848 109.534 21.967 73287.464
 X  3212 49.370  0.00549 0.00226  5.68  3.45 66.202 128.840 109.531 21.968 73287.332
 X  3212 49.434  0.00548 0.00254  5.70  3.90 66.207 128.833 109.529 21.968 73287.214
 X  3212 49.497  0.00547 0.00272  5.72  4.17 66.213 128.822 109.526 21.969 73287.102
 X  3212 49.561  0.00543 0.00271  5.72  4.17 66.221 128.810 109.522 21.970 73286.978
 X  3212 49.625  0.00537 0.00256  5.67  3.96 66.233 128.789 109.516 21.971 73286.857
 X  3212 49.687  0.00526 0.00239  5.53  3.70 66.242 128.775 109.512 21.972 73286.749
 X  3212 49.750  0.00508 0.00222  5.29  3.45 66.249 128.762 109.508 21.973 73286.462
 X  3212 49.812  0.00481 0.00209  4.91  3.25 66.257 128.750 109.505 21.974 73286.227
 X  3212 49.875  0.00447 0.00197  4.40  3.08 66.265 128.736 109.501 21.975 73286.094
 X  3212 49.937  0.00404 0.00188  3.77  2.94 66.273 128.723 109.497 21.975 73285.949
 X  3212 49.998  0.00354 0.00180  3.02  2.82 66.280 128.713 109.494 21.976 73285.762
 X  3212 50.060  0.00300 0.00173  2.19  2.72 66.287 128.701 109.490 21.977 73285.572
 X  3212 50.121  0.00243 0.00171  1.32  2.69 66.293 128.691 109.487 21.978 73285.443
 X  3212 50.182  0.00186 0.00173  0.45  2.72 66.297 128.684 109.485 21.978 73285.296
 X  3212 50.243  0.00131 0.00174 -0.41  2.75 66.302 128.676 109.482 21.979 73285.153
 X  3212 50.305  0.00077 0.00173 -1.24  2.74 66.308 128.666 109.479 21.979 73285.039
 X  3212 50.366  0.00026 0.00171 -2.03  2.71 66.316 128.654 109.476 21.980 73284.943
 X  3212 50.427 -0.00021 0.00170 -2.76  2.70 66.322 128.644 109.473 21.981 73284.819
 X  3212 50.488 -0.00063 0.00168 -3.41  2.67 66.328 128.634 109.470 21.981 73284.677
 X  3212 50.549 -0.00099 0.00164 -3.96  2.62 66.335 128.623 109.466 21.982 73284.534
 X  3212 50.610 -0.00128 0.00159 -4.41  2.54 66.343 128.610 109.462 21.983 73284.397
 X  3212 50.671 -0.00150 0.00153 -4.76  2.46 66.349 128.599 109.459 21.984 73284.255
 X  3212 50.731 -0.00168 0.00151 -5.03  2.42 66.354 128.590 109.457 21.984 73284.101
 X  3212 50.791 -0.00180 0.00155 -5.21  2.48 66.359 128.582 109.454 21.985 73283.931
 X  3212 50.852 -0.00186 0.00164 -5.31  2.63 66.366 128.572 109.451 21.986 73283.812
 X  3212 50.912 -0.00185 0.00174 -5.28  2.80 66.372 128.561 109.448 21.986 73283.705
 X  3212 50.972 -0.00175 0.00181 -5.11  2.91 66.379 128.551 109.445 21.987 73283.588
 X  3212 51.032 -0.00156 0.00183 -4.79  2.96 66.384 128.542 109.442 21.988 73283.430
 X  3212 51.091 -0.00128 0.00183 -4.33  2.96 66.390 128.532 109.439 21.988 73283.297
 X  3212 51.151 -0.00094 0.00184 -3.76  2.98 66.395 128.524 109.436 21.989 73283.164
 X  3212 51.210 -0.00055 0.00184 -3.12  2.99 66.400 128.516 109.434 21.989 73283.040
 X  3212 51.270 -0.00013 0.00183 -2.43  2.97 66.405 128.508 109.431 21.990 73282.926
 X  3212 51.329  0.00030 0.00180 -1.72  2.94 66.411 128.499 109.429 21.990 73282.824
 X  3212 51.389  0.00073 0.00178 -1.00  2.91 66.416 128.489 109.426 21.991 73282.716
 X  3212 51.448  0.00113 0.00179 -0.32  2.93 66.422 128.480 109.423 21.992 73282.597
 X  3212 51.507  0.00149 0.00183  0.27  2.99 66.427 128.472 109.420 21.992 73282.464
 X  3212 51.566  0.00175 0.00188  0.73  3.08 66.432 128.464 109.418 21.993 73282.364
 X  3212 51.625  0.00192 0.00192  1.01  3.15 66.437 128.456 109.415 21.993 73282.253
 X  3212 51.684  0.00198 0.00195  1.13  3.21 66.442 128.448 109.413 21.994 73282.134
 X  3212 51.743  0.00196 0.00199  1.11  3.27 66.447 128.440 109.411 21.994 73282.024
 X  3212 51.801  0.00189 0.00203  1.02  3.34 66.452 128.432 109.408 21.995 73281.922
 X  3212 51.860  0.00180 0.00206  0.90  3.40 66.458 128.422 109.405 21.996 73281.825
 X  3212 51.919  0.00173 0.00209  0.79  3.45 66.463 128.413 109.402 21.996 73281.696
 X  3212 51.977  0.00168 0.00211  0.72  3.49 66.468 128.405 109.400 21.997 73281.578
 X  3212 52.035  0.00165 0.00211  0.70  3.50 66.472 128.398 109.398 21.997 73281.462
 X  3212 52.093  0.00164 0.00209  0.70  3.47 66.477 128.391 109.395 21.998 73281.339
 X  3212 52.151  0.00165 0.00204  0.72  3.39 66.481 128.384 109.393 21.998 73281.243
 X  3212 52.210  0.00165 0.00200  0.73  3.32 66.486 128.377 109.391 21.999 73281.149
 X  3212 52.268  0.00164 0.00197  0.74  3.29 66.490 128.369 109.389 21.999 73281.052
 X  3212 52.326  0.00162 0.00196  0.72  3.27 66.495 128.362 109.386 21.999 73280.955
 X  3212 52.384  0.00157 0.00195  0.66  3.25 66.499 128.354 109.384 22.000 73280.857
 X  3212 52.442  0.00150 0.00192  0.55  3.21 66.504 128.347 109.382 22.001 73280.758
 X  3212 52.499  0.00141 0.00190  0.42  3.19 66.509 128.338 109.379 22.001 73280.658
 X  3212 52.557  0.00132 0.00191  0.29  3.20 66.514 128.331 109.377 22.002 73280.557
 X  3212 52.615  0.00124 0.00192  0.17  3.22 66.518 128.325 109.375 22.002 73280.448
 X  3212 52.672  0.00117 0.00192  0.06  3.23 66.523 128.317 109.372 22.003 73280.336
 X  3212 52.730  0.00111 0.00191 -0.03  3.22 66.528 128.309 109.370 22.003 73280.252
 X  3212 52.787  0.00104 0.00189 -0.14  3.20 66.531 128.303 109.368 22.003 73280.160
 X  3212 52.845  0.00096 0.00189 -0.25  3.20 66.536 128.296 109.366 22.004 73280.040
 X  3212 52.902  0.00088 0.00191 -0.37  3.24 66.540 128.288 109.363 22.004 73279.951
 X  3212 52.959  0.00080 0.00197 -0.49  3.34 66.545 128.281 109.361 22.005 73279.867
 X  3212 53.017  0.00075 0.00205 -0.57  3.49 66.549 128.274 109.359 22.005 73279.769
 X  3212 53.074  0.00072 0.00213 -0.60  3.63 66.553 128.267 109.357 22.006 73279.668
 X  3212 53.131  0.00073 0.00219 -0.58  3.73 66.558 128.260 109.354 22.006 73279.571
 X  3212 53.188  0.00076 0.00222 -0.51  3.79 66.562 128.254 109.352 22.007 73279.475
 X  3212 53.245  0.00082 0.00224 -0.39  3.82 66.567 128.246 109.350 22.007 73279.380
 X  3212 53.302  0.00090 0.00225 -0.24  3.85 66.572 128.237 109.347 22.008 73279.291
 X  3212 53.359  0.00100 0.00226 -0.06  3.87 66.575 128.232 109.346 22.008 73279.203
 X  3212 53.415  0.00110 0.00225  0.13  3.87 66.579 128.226 109.344 22.009 73279.083
 X  3212 53.472  0.00119 0.00223  0.30  3.84 66.583 128.218 109.341 22.009 73278.989
 X  3212 53.529  0.00127 0.00221  0.44  3.80 66.588 128.212 109.339 22.010 73278.910
 X  3212 53.585  0.00133 0.00218  0.56  3.76 66.591 128.206 109.337 22.010 73278.820
 X  3212 53.642  0.00137 0.00215  0.65  3.71 66.596 128.199 109.335 22.010 73278.719
 X  3212 53.698  0.00139 0.00211  0.70  3.65 66.600 128.191 109.333 22.011 73278.634
 X  3212 53.754  0.00139 0.00206  0.71  3.57 66.603 128.186 109.331 22.011 73278.550
 X  3212 53.811  0.00136 0.00201  0.67  3.48 66.607 128.181 109.329 22.012 73278.453
 X  3212 53.867  0.00131 0.00196  0.59  3.40 66.610 128.175 109.327 22.012 73278.362
 X  3212 53.923  0.00123 0.00192  0.47  3.34 66.615 128.168 109.325 22.012 73278.290
 X  3212 53.979  0.00114 0.00191  0.33  3.32 66.618 128.163 109.324 22.013 73278.217
 X  3212 54.035  0.00105 0.00193  0.18  3.36 66.621 128.158 109.322 22.013 73278.128
 X  3212 54.091  0.00094 0.00197  0.00  3.43 66.625 128.153 109.320 22.013 73278.042
 X  3212 54.148  0.00081 0.00201 -0.22  3.52 66.628 128.148 109.318 22.014 73277.967
 X  3212 54.204  0.00066 0.00206 -0.47  3.60 66.632 128.142 109.316 22.014 73277.892
 X  3212 54.260  0.00049 0.00211 -0.75  3.70 66.638 128.131 109.313 22.015 73277.824
 X  3212 54.316  0.00032 0.00217 -1.03  3.81 66.641 128.126 109.312 22.015 73277.756
 X  3212 54.372  0.00016 0.00221 -1.30  3.88 66.644 128.122 109.310 22.016 73277.650
 X  3212 54.428  0.00001 0.00222 -1.55  3.92 66.648 128.115 109.308 22.016 73277.538
 X  3212 54.484 -0.00012 0.00222 -1.77  3.92 66.653 128.107 109.306 22.016 73277.469
 X  3212 54.539 -0.00024 0.00221 -1.97  3.92 66.656 128.102 109.304 22.017 73277.400
 X  3212 54.595 -0.00034 0.00221 -2.14  3.91 66.660 128.096 109.302 22.017 73277.297
 X  3212 54.651 -0.00041 0.00219 -2.26  3.89 66.664 128.089 109.300 22.018 73277.204
 X  3212 54.706 -0.00045 0.00218 -2.31  3.87 66.668 128.082 109.298 22.018 73277.126
 X  3212 54.762 -0.00044 0.00216 -2.29  3.84 66.671 128.077 109.296 22.018 73277.044
 X  3212 54.817 -0.00038 0.00214 -2.18  3.81 66.675 128.072 109.294 22.019 73276.950
 X  3212 54.873 -0.00029 0.00211 -2.00  3.78 66.679 128.064 109.292 22.019 73276.867
 X  3212 54.928 -0.00016 0.00209 -1.77  3.74 66.683 128.058 109.290 22.020 73276.793
 X  3212 54.983 -0.00003 0.00207 -1.53  3.71 66.686 128.054 109.289 22.020 73276.712
 X  3212 55.039  0.00009 0.00204 -1.29  3.67 66.689 128.049 109.287 22.020 73276.615
 X  3212 55.094  0.00020 0.00201 -1.09  3.62 66.692 128.044 109.285 22.021 73276.538
 X  3212 55.149  0.00028 0.00199 -0.95  3.58 66.696 128.038 109.283 22.021 73276.473
 X  3212 55.204  0.00031 0.00197 -0.87  3.57 66.699 128.032 109.281 22.021 73276.407
 X  3212 55.260  0.00031 0.00199 -0.86  3.60 66.703 128.026 109.280 22.022 73276.327
 X  3212 55.315  0.00027 0.00203 -0.92  3.68 66.706 128.021 109.278 22.022 73276.247
 X  3212 55.370  0.00021 0.00209 -1.02  3.80 66.710 128.015 109.276 22.023 73276.169
 X  3212 55.425  0.00015 0.00216 -1.13  3.93 66.714 128.010 109.274 22.023 73276.091
 X  3212 55.480  0.00010 0.00221 -1.21  4.03 66.717 128.004 109.272 22.023 73276.013
 X  3212 55.535  0.00005 0.00223 -1.27  4.09 66.721 127.998 109.270 22.024 73275.935
 X  3212 55.590  0.00002 0.00224 -1.33  4.11 66.725 127.991 109.268 22.024 73275.857
 X  3212 55.645  0.00000 0.00223 -1.35  4.11 66.729 127.985 109.266 22.025 73275.779
 X  3212 55.700  0.00001 0.00222 -1.34  4.09 66.732 127.979 109.265 22.025 73275.693
 X  3212 55.755  0.00004 0.00220 -1.26  4.07 66.736 127.972 109.262 22.025 73275.604
 X  3212 55.810  0.00010 0.00218 -1.14  4.04 66.741 127.964 109.260 22.026 73275.525
 X  3212 55.864  0.00018 0.00216 -0.98  4.01 66.745 127.959 109.258 22.026 73275.446
 X  3212 55.919  0.00027 0.00214 -0.80  3.98 66.748 127.953 109.256 22.027 73275.345
 X  3212 55.973  0.00036 0.00211 -0.62  3.94 66.751 127.948 109.255 22.027 73275.247
 X  3212 56.027  0.00044 0.00209 -0.46  3.90 66.754 127.943 109.253 22.027 73275.170
 X  3212 56.082  0.00050 0.00207 -0.35  3.87 66.758 127.938 109.251 22.028 73275.094
 X  3212 56.136  0.00052 0.00205 -0.31  3.85 66.761 127.932 109.250 22.028 73275.024
 X  3212 56.190  0.00050 0.00205 -0.32  3.85 66.765 127.926 109.248 22.029 73274.955
 X  3212 56.245  0.00045 0.00206 -0.40  3.87 66.769 127.920 109.246 22.029 73274.879
 X  3212 56.299  0.00039 0.00207 -0.51  3.91 66.772 127.914 109.244 22.029 73274.802
 X  3212 56.353  0.00032 0.00210 -0.64  3.96 66.775 127.909 109.242 22.030 73274.719
 X  3212 56.407  0.00023 0.00214 -0.80  4.05 66.780 127.902 109.240 22.030 73274.633
 X  3212 56.461  0.00012 0.00220 -0.99  4.18 66.784 127.894 109.238 22.031 73274.557
 X  3212 56.514  0.00001 0.00228 -1.20  4.33 66.787 127.890 109.236 22.031 73274.484
 X  3212 56.568 -0.00010 0.00235 -1.39  4.46 66.789 127.887 109.235 22.031 73274.392
 X  3212 56.621 -0.00018 0.00240 -1.55  4.57 66.792 127.883 109.234 22.031 73274.285
 X  3212 56.675 -0.00026 0.00244 -1.69  4.65 66.794 127.879 109.232 22.032 73274.232
 X  3212 56.729 -0.00032 0.00248 -1.80  4.74 66.797 127.874 109.231 22.032 73274.180
 X  3212 56.782 -0.00038 0.00254 -1.90  4.85 66.800 127.870 109.229 22.032 73274.127
 X  3212 56.835 -0.00043 0.00263 -1.99  5.03 66.803 127.866 109.228 22.033 73274.064
 X  3212 56.889 -0.00049 0.00275 -2.10  5.27 66.806 127.861 109.226 22.033 73273.999
 X  3212 56.942 -0.00058 0.00290 -2.27  5.57 66.808 127.857 109.225 22.033 73273.935
 X  3212 56.996 -0.00073 0.00308 -2.54  5.91 66.811 127.853 109.223 22.033 73273.872
 X  3212 57.049 -0.00094 0.00326 -2.95  6.27 66.814 127.849 109.222 22.034 73273.809
 X  3212 57.102 -0.00126 0.00343 -3.55  6.61 66.816 127.845 109.221 22.034 73273.749
 X  3212 57.155 -0.00170 0.00359 -4.41  6.93 66.819 127.842 109.219 22.034 73273.690
 X  3212 57.208 -0.00233 0.00374 -5.61  7.22 66.821 127.838 109.218 22.034 73273.630
 X  3213 34.652  0.01361 0.00324 -0.09  2.72 59.320 137.196 112.786 21.439 85138.353
 X  3213 34.968  0.01414 0.00314  0.81  2.66 59.871 136.734 112.534 21.470 85128.853
 X  3213 35.222  0.01509 0.00297  1.99  2.54 60.414 136.242 112.286 21.503 85122.721
 X  3213 35.456  0.01625 0.00273  3.30  2.36 60.854 135.839 112.086 21.529 85118.915
 X  3213 35.655  0.01735 0.00242  4.51  2.10 61.088 135.614 111.979 21.544 85115.871
 X  3213 35.844  0.01814 0.00205  5.45  1.79 61.265 135.438 111.898 21.556 85112.320
 X  3213 36.022  0.01854 0.00177  6.04  1.56 61.431 135.271 111.823 21.567 85110.050
 X  3213 36.195  0.01860 0.00175  6.32  1.54 61.583 135.115 111.753 21.578 85107.529
 X  3213 36.365  0.01849 0.00197  6.46  1.75 61.719 134.973 111.691 21.587 85104.575
 X  3213 36.525  0.01838 0.00228  6.58  2.03 61.843 134.842 111.635 21.596 85103.483
 X  3213 36.685  0.01841 0.00255  6.82  2.28 61.958 134.719 111.582 21.604 85101.253
 X  3213 36.845  0.01866 0.00273  7.28  2.46 62.065 134.604 111.533 21.612 85098.767
 X  3213 37.003  0.01919 0.00285  8.00  2.59 62.219 134.434 111.463 21.623 85095.927
 X  3213 37.150  0.01995 0.00290  8.91  2.64 62.357 134.280 111.400 21.633 85095.106
 X  3213 37.292  0.02092 0.00285  9.99  2.61 62.420 134.210 111.371 21.638 85093.252
 X  3213 37.435  0.02217 0.00275 11.37  2.53 62.498 134.121 111.335 21.644 85091.629
 X  3213 37.580  0.02383 0.00262 13.15  2.43 62.601 134.004 111.288 21.652 85089.557
 X  3213 37.727  0.02605 0.00252 15.50  2.35 62.756 133.822 111.217 21.664 85085.940
 X  3213 37.860  0.02877 0.00245 18.30  2.30 62.890 133.663 111.156 21.674 85083.977
 X  3213 37.988  0.03168 0.00240 21.26  2.26 63.007 133.524 111.102 21.684 85082.711
 X  3213 38.104  0.03440 0.00236 24.01  2.23 63.070 133.448 111.074 21.689 85081.953
 X  3213 38.220  0.03663 0.00234 26.31  2.21 63.114 133.395 111.053 21.692 85081.248
 X  3213 38.336  0.03836 0.00236 28.17  2.25 63.163 133.335 111.031 21.696 85079.980
 X  3213 38.452  0.03967 0.00247 29.67  2.36 63.233 133.250 110.999 21.702 85078.425
 X  3213 38.565  0.04056 0.00267 30.74  2.56 63.305 133.160 110.966 21.708 85077.758
 X  3213 38.673  0.04094 0.00289 31.30  2.78 63.338 133.120 110.951 21.711 85077.229
 X  3213 38.784  0.04087 0.00305 31.45  2.95 63.381 133.067 110.931 21.714 85075.862
 X  3213 38.894  0.04036 0.00309 31.22  3.00 63.439 132.993 110.904 21.719 85074.672
 X  3213 39.001  0.03938 0.00300 30.46  2.92 63.501 132.915 110.875 21.724 85074.201
 X  3213 39.104  0.03792 0.00280 29.22  2.73 63.526 132.885 110.864 21.726 85073.710
 X  3213 39.211  0.03612 0.00255 27.68  2.50 63.557 132.845 110.849 21.729 85072.474
 X  3213 39.317  0.03412 0.00231 25.95  2.28 63.621 132.762 110.820 21.734 85071.598
 X  3213 39.420  0.03187 0.00210 23.91  2.07 63.661 132.712 110.802 21.738 85071.109
 X  3213 39.522  0.02939 0.00192 21.64  1.91 63.688 132.677 110.789 21.740 85070.560
 X  3213 39.625  0.02690 0.00179 19.36  1.78 63.717 132.640 110.776 21.743 85069.910
 X  3213 39.730  0.02462 0.00171 17.28  1.71 63.757 132.587 110.757 21.746 85068.995
 X  3213 39.837  0.02265 0.00168 15.53  1.69 63.813 132.514 110.731 21.751 85067.590
 X  3213 39.941  0.02098 0.00166 14.04  1.68 63.882 132.423 110.700 21.757 85066.537
 X  3213 40.042  0.01955 0.00164 12.75  1.66 63.930 132.360 110.678 21.761 85065.756
 X  3213 40.142  0.01832 0.00159 11.67  1.63 63.980 132.293 110.655 21.766 85064.604
 X  3213 40.239  0.01730 0.00154 10.77  1.58 64.033 132.221 110.630 21.770 85063.691
 X  3213 40.334  0.01644 0.00149 10.02  1.54 64.074 132.167 110.611 21.774 85063.085
 X  3213 40.427  0.01575 0.00145  9.43  1.50 64.105 132.125 110.597 21.777 85062.510
 X  3213 40.520  0.01525 0.00140  9.04  1.45 64.135 132.085 110.583 21.780 85061.929
 X  3213 40.613  0.01495 0.00135  8.85  1.41 64.167 132.041 110.568 21.782 85061.250
 X  3213 40.707  0.01480 0.00130  8.84  1.36 64.203 131.992 110.551 21.786 85060.511
 X  3213 40.799  0.01480 0.00126  8.97  1.32 64.238 131.944 110.535 21.789 85059.896
 X  3213 40.891  0.01496 0.00122  9.27  1.29 64.271 131.899 110.520 21.792 85059.188
 X  3213 40.984  0.01533 0.00119  9.80  1.26 64.311 131.844 110.501 21.796 85058.400
 X  3213 41.078  0.01587 0.00118 10.54  1.26 64.371 131.759 110.473 21.801 85056.833
 X  3213 41.167  0.01649 0.00120 11.34  1.29 64.430 131.677 110.446 21.807 85056.073
 X  3213 41.250  0.01700 0.00125 11.99  1.34 64.459 131.636 110.433 21.809 85055.655
 X  3213 41.333  0.01729 0.00131 12.41  1.41 64.477 131.611 110.424 21.811 85055.337
 X  3213 41.416  0.01740 0.00136 12.64  1.48 64.493 131.589 110.417 21.813 85055.034
 X  3213 41.500  0.01748 0.00139 12.84  1.51 64.513 131.560 110.407 21.814 85054.512
 X  3213 41.587  0.01765 0.00140 13.19  1.53 64.561 131.492 110.385 21.819 85053.309
 X  3213 41.669  0.01790 0.00139 13.58  1.52 64.601 131.434 110.366 21.823 85052.784
 X  3213 41.749  0.01806 0.00138 13.85  1.51 64.626 131.399 110.355 21.825 85052.355
 X  3213 41.828  0.01797 0.00137 13.85  1.50 64.648 131.368 110.344 21.827 85051.914
 X  3213 41.906  0.01756 0.00137 13.49  1.52 64.667 131.341 110.336 21.829 85051.573
 X  3213 41.983  0.01692 0.00141 12.88  1.57 64.682 131.320 110.329 21.830 85051.310
 X  3213 42.060  0.01631 0.00148 12.29  1.64 64.694 131.303 110.323 21.832 85051.080
 X  3213 42.138  0.01599 0.00152 12.04  1.69 64.705 131.288 110.318 21.833 85050.859
 X  3213 42.218  0.01604 0.00153 12.20  1.71 64.720 131.266 110.311 21.834 85050.588
 X  3213 42.299  0.01633 0.00150 12.65  1.68 64.744 131.231 110.299 21.836 85049.965
 X  3213 42.379  0.01669 0.00147 13.19  1.65 64.787 131.168 110.279 21.841 85049.115
 X  3213 42.455  0.01695 0.00145 13.58  1.64 64.807 131.139 110.270 21.843 85048.816
 X  3213 42.531  0.01696 0.00145 13.70  1.65 64.818 131.123 110.265 21.844 85048.583
 X  3213 42.607  0.01678 0.00146 13.59  1.66 64.829 131.109 110.260 21.845 85048.377
 X  3213 42.683  0.01659 0.00146 13.49  1.66 64.838 131.095 110.255 21.845 85048.183
 X  3213 42.761  0.01662 0.00144 13.65  1.65 64.850 131.078 110.250 21.847 85047.972
 X  3213 42.840  0.01687 0.00140 14.08  1.61 64.866 131.056 110.242 21.848 85047.654
 X  3213 42.921  0.01715 0.00133 14.57  1.55 64.893 131.015 110.229 21.851 85047.078
 X  3213 43.001  0.01730 0.00126 14.91  1.47 64.923 130.970 110.215 21.854 85046.455
 X  3213 43.081  0.01737 0.00119 15.16  1.40 64.955 130.923 110.200 21.857 85045.790
 X  3213 43.160  0.01752 0.00113 15.51  1.33 64.992 130.868 110.183 21.861 85045.051
 X  3213 43.237  0.01783 0.00108 16.04  1.28 65.025 130.819 110.168 21.864 85044.330
 X  3213 43.313  0.01836 0.00105 16.81  1.25 65.051 130.779 110.156 21.867 85043.866
 X  3213 43.388  0.01900 0.00103 17.73  1.23 65.075 130.744 110.145 21.869 85043.435
 X  3213 43.464  0.01965 0.00102 18.67  1.23 65.097 130.709 110.134 21.871 85042.973
 X  3213 43.541  0.02031 0.00104 19.66  1.26 65.139 130.646 110.115 21.875 85041.991
 X  3213 43.613  0.02086 0.00108 20.48  1.31 65.182 130.580 110.095 21.880 85041.078
 X  3213 43.681  0.02110 0.00115 20.86  1.40 65.202 130.550 110.085 21.882 85040.837
 X  3213 43.749  0.02093 0.00123 20.74  1.50 65.213 130.534 110.080 21.883 85040.627
 X  3213 43.816  0.02034 0.00129 20.12  1.59 65.223 130.518 110.075 21.884 85040.413
 X  3213 43.884  0.01950 0.00134 19.18  1.64 65.234 130.501 110.070 21.885 85040.183
 X  3213 43.952  0.01855 0.00135 18.11  1.66 65.247 130.482 110.064 21.886 85039.931
 X  3213 44.020  0.01761 0.00135 17.06  1.67 65.260 130.462 110.058 21.888 85039.656
 X  3213 44.089  0.01678 0.00134 16.12  1.67 65.273 130.443 110.052 21.889 85039.403
 X  3213 44.157  0.01616 0.00134 15.46  1.67 65.285 130.424 110.045 21.890 85039.143
 X  3213 44.227  0.01582 0.00133 15.15  1.66 65.305 130.394 110.036 21.892 85038.821
 X  3213 44.297  0.01567 0.00132 15.10  1.65 65.332 130.351 110.023 21.895 85038.145
 X  3213 44.364  0.01550 0.00131 14.98  1.65 65.360 130.308 110.011 21.898 85037.614
 X  3213 44.430  0.01510 0.00131 14.56  1.65 65.378 130.280 110.002 21.900 85037.231
 X  3213 44.494  0.01450 0.00132 13.87  1.68 65.392 130.258 109.995 21.901 85036.958
 X  3213 44.558  0.01388 0.00135 13.15  1.71 65.402 130.244 109.991 21.902 85036.754
 X  3213 44.622  0.01351 0.00137 12.75  1.74 65.411 130.229 109.986 21.903 85036.565
 X  3213 44.686  0.01361 0.00138 12.93  1.76 65.421 130.214 109.981 21.904 85036.362
 X  3213 44.751  0.01420 0.00138 13.76  1.77 65.433 130.197 109.976 21.905 85036.129
 X  3213 44.815  0.01514 0.00138 15.04  1.77 65.446 130.177 109.970 21.907 85035.873
 X  3213 44.878  0.01620 0.00139 16.48  1.79 65.459 130.156 109.964 21.908 85035.597
 X  3213 44.942  0.01716 0.00144 17.78  1.85 65.470 130.139 109.958 21.909 85035.363
 X  3213 45.004  0.01787 0.00152 18.77  1.95 65.479 130.125 109.954 21.910 85035.180
 X  3213 45.067  0.01834 0.00161 19.46  2.08 65.487 130.113 109.950 21.911 85035.022
 X  3213 45.130  0.01866 0.00168 19.95  2.17 65.494 130.103 109.947 21.912 85034.873
 X  3213 45.194  0.01889 0.00170 20.35  2.21 65.501 130.092 109.943 21.912 85034.721
 X  3213 45.258  0.01906 0.00168 20.68  2.19 65.510 130.078 109.939 21.913 85034.555
 X  3213 45.322  0.01907 0.00162 20.81  2.12 65.520 130.062 109.934 21.914 85034.361
 X  3213 45.387  0.01874 0.00154 20.51  2.02 65.535 130.039 109.927 21.916 85034.108
 X  3213 45.453  0.01813 0.00144 19.86  1.90 65.558 130.002 109.916 21.918 85033.625
 X  3213 45.517  0.01741 0.00136 19.03  1.80 65.582 129.965 109.905 21.921 85033.090
 X  3213 45.580  0.01664 0.00133 18.10  1.77 65.600 129.935 109.896 21.923 85032.677
 X  3213 45.641  0.01580 0.00137 17.06  1.82 65.614 129.914 109.890 21.924 85032.402
 X  3213 45.702  0.01487 0.00144 15.89  1.92 65.624 129.897 109.885 21.925 85032.182
 X  3213 45.763  0.01387 0.00151 14.63  2.02 65.634 129.881 109.880 21.926 85031.973
 X  3213 45.823  0.01294 0.00155 13.44  2.08 65.644 129.865 109.875 21.927 85031.768
 X  3213 45.883  0.01226 0.00157 12.59  2.10 65.653 129.852 109.871 21.928 85031.574
 X  3213 45.943  0.01207 0.00156 12.38  2.10 65.662 129.838 109.867 21.929 85031.391
 X  3213 46.003  0.01248 0.00154 13.00  2.08 65.670 129.825 109.863 21.930 85031.216
 X  3213 46.063  0.01342 0.00153 14.34  2.06 65.678 129.812 109.858 21.931 85031.042
 X  3213 46.124  0.01464 0.00151 16.06  2.05 65.688 129.798 109.854 21.932 85030.858
 X  3213 46.184  0.01586 0.00150 17.81  2.04 65.698 129.781 109.849 21.933 85030.656
 X  3213 46.245  0.01693 0.00149 19.35  2.03 65.710 129.762 109.843 21.934 85030.417
 X  3213 46.305  0.01777 0.00148 20.59  2.03 65.722 129.743 109.838 21.936 85030.164
 X  3213 46.364  0.01837 0.00148 21.50  2.03 65.733 129.725 109.832 21.937 85029.931
 X  3213 46.424  0.01875 0.00150 22.10  2.06 65.744 129.708 109.827 21.938 85029.705
 X  3213 46.483  0.01890 0.00154 22.41  2.12 65.755 129.690 109.822 21.939 85029.476
 X  3213 46.542  0.01882 0.00158 22.39  2.18 65.766 129.673 109.816 21.940 85029.248
 X  3213 46.600  0.01849 0.00161 22.00  2.23 65.776 129.656 109.811 21.941 85029.025
 X  3213 46.659  0.01791 0.00163 21.27  2.26 65.786 129.640 109.807 21.942 85028.814
 X  3213 46.716  0.01717 0.00163 20.31  2.27 65.795 129.626 109.803 21.943 85028.624
 X  3213 46.774  0.01634 0.00164 19.23  2.28 65.803 129.614 109.799 21.944 85028.453
 X  3213 46.832  0.01548 0.00163 18.09  2.28 65.810 129.603 109.795 21.945 85028.295
 X  3213 46.889  0.01469 0.00163 17.05  2.27 65.817 129.591 109.792 21.946 85028.140
 X  3213 46.947  0.01411 0.00161 16.31  2.26 65.825 129.579 109.788 21.946 85027.983
 X  3213 47.004  0.01384 0.00159 16.00  2.23 65.833 129.567 109.784 21.947 85027.820
 X  3213 47.062  0.01382 0.00158 16.03  2.22 65.842 129.552 109.780 21.948 85027.646
 X  3213 47.120  0.01386 0.00158 16.16  2.23 65.851 129.538 109.775 21.949 85027.463
 X  3213 47.177  0.01380 0.00158 16.15  2.24 65.860 129.523 109.771 21.950 85027.277
 X  3213 47.234  0.01361 0.00158 15.95  2.24 65.869 129.509 109.767 21.951 85027.087
 X  3213 47.292  0.01331 0.00156 15.59  2.22 65.878 129.494 109.762 21.952 85026.896
 X  3213 47.349  0.01291 0.00154 15.08  2.20 65.887 129.479 109.758 21.953 85026.706
 X  3213 47.405  0.01244 0.00152 14.47  2.18 65.897 129.464 109.753 21.954 85026.507
 X  3213 47.462  0.01195 0.00152 13.82  2.18 65.906 129.448 109.749 21.955 85026.301
 X  3213 47.518  0.01144 0.00156 13.15  2.24 65.915 129.435 109.745 21.956 85026.114
 X  3213 47.574  0.01093 0.00164 12.46  2.36 65.922 129.423 109.741 21.957 85025.947
 X  3213 47.630  0.01042 0.00170 11.78  2.46 65.930 129.411 109.737 21.958 85025.790
 X  3213 47.686  0.00992 0.00174 11.11  2.52 65.937 129.400 109.734 21.958 85025.640
 X  3213 47.741  0.00943 0.00175 10.45  2.54 65.943 129.389 109.731 21.959 85025.494
 X  3213 47.797  0.00903 0.00174  9.91  2.53 65.950 129.378 109.727 21.960 85025.349
 X  3213 47.853  0.00882 0.00173  9.66  2.51 65.958 129.366 109.724 21.961 85025.199
 X  3213 47.909  0.00880 0.00170  9.68  2.48 65.966 129.353 109.720 21.962 85025.041
 X  3213 47.964  0.00884 0.00168  9.79  2.46 65.975 129.339 109.715 21.963 85024.867
 X  3213 48.020  0.00880 0.00166  9.78  2.43 65.983 129.324 109.711 21.963 85024.683
 X  3213 48.075  0.00863 0.00164  9.57  2.40 65.992 129.310 109.707 21.964 85024.498
 X  3213 48.130  0.00836 0.00162  9.22  2.38 66.000 129.298 109.703 21.965 85024.321
 X  3213 48.185  0.00803 0.00161  8.78  2.37 66.007 129.286 109.699 21.966 85024.155
 X  3213 48.239  0.00764 0.00161  8.24  2.38 66.015 129.274 109.696 21.967 85023.998
 X  3213 48.294  0.00719 0.00162  7.61  2.40 66.021 129.263 109.693 21.968 85023.848
 X  3213 48.348  0.00670 0.00164  6.93  2.43 66.028 129.252 109.689 21.968 85023.702
 X  3213 48.402  0.00623 0.00166  6.26  2.47 66.035 129.241 109.686 21.969 85023.558
 X  3213 48.457  0.00581 0.00169  5.67  2.51 66.042 129.230 109.683 21.970 85023.415
 X  3213 48.511  0.00553 0.00170  5.29  2.54 66.049 129.219 109.679 21.970 85023.273
 X  3213 48.565  0.00540 0.00170  5.12  2.54 66.056 129.208 109.676 21.971 85023.127
 X  3213 48.619  0.00538 0.00168  5.13  2.52 66.063 129.195 109.672 21.972 85022.977
 X  3213 48.673  0.00542 0.00166  5.22  2.49 66.071 129.183 109.668 21.973 85022.822
 X  3213 48.727  0.00546 0.00164  5.31  2.47 66.078 129.171 109.665 21.974 85022.664
 X  3213 48.780  0.00546 0.00165  5.35  2.48 66.085 129.160 109.662 21.974 85022.512
 X  3213 48.834  0.00537 0.00166  5.25  2.51 66.091 129.150 109.658 21.975 85022.369
 X  3213 48.887  0.00516 0.00168  4.95  2.53 66.097 129.140 109.655 21.976 85022.233
 X  3213 48.940  0.00491 0.00169  4.61  2.56 66.104 129.130 109.652 21.976 85022.101
 X  3213 48.993  0.00479 0.00171  4.46  2.59 66.110 129.120 109.649 21.977 85021.967
 X  3213 49.046  0.00492 0.00173  4.68  2.62 66.116 129.109 109.646 21.978 85021.831
 X  3213 49.099  0.00524 0.00174  5.20  2.65 66.123 129.098 109.643 21.979 85021.693
 X  3213 49.152  0.00562 0.00175  5.81  2.67 66.130 129.087 109.639 21.979 85021.553
 X  3213 49.205  0.00598 0.00176  6.38  2.69 66.137 129.075 109.636 21.980 85021.408
 X  3213 49.258  0.00627 0.00176  6.86  2.70 66.144 129.064 109.633 21.981 85021.262
 X  3213 49.310  0.00645 0.00178  7.17  2.72 66.150 129.054 109.630 21.982 85021.117
 X  3213 49.362  0.00651 0.00179  7.29  2.75 66.156 129.044 109.627 21.982 85020.983
 X  3213 49.414  0.00643 0.00181  7.20  2.78 66.162 129.035 109.624 21.983 85020.857
 X  3213 49.466  0.00618 0.00182  6.85  2.81 66.167 129.026 109.621 21.983 85020.737
 X  3213 49.518  0.00574 0.00183  6.20  2.83 66.172 129.018 109.619 21.984 85020.622
 X  3213 49.570  0.00516 0.00184  5.33  2.84 66.177 129.010 109.616 21.984 85020.511
 X  3213 49.622  0.00456 0.00185  4.42  2.87 66.183 129.002 109.613 21.985 85020.400
 X  3213 49.674  0.00405 0.00188  3.65  2.91 66.188 128.993 109.611 21.986 85020.288
 X  3213 49.725  0.00368 0.00191  3.10  2.97 66.193 128.984 109.608 21.986 85020.173
 X  3213 49.777  0.00345 0.00194  2.77  3.01 66.199 128.975 109.605 21.987 85020.055
 X  3213 49.829  0.00332 0.00194  2.59  3.02 66.205 128.965 109.602 21.987 85019.934
 X  3213 49.880  0.00324 0.00193  2.49  3.01 66.211 128.955 109.599 21.988 85019.809
 X  3213 49.932  0.00319 0.00192  2.43  2.99 66.217 128.946 109.597 21.989 85019.685
 X  3213 49.983  0.00313 0.00191  2.35  2.99 66.222 128.937 109.594 21.989 85019.565
 X  3213 50.034  0.00302 0.00193  2.20  3.03 66.227 128.929 109.591 21.990 85019.449
 X  3213 50.085  0.00286 0.00196  1.97  3.08 66.232 128.922 109.589 21.990 85019.340
 X  3213 50.136  0.00264 0.00199  1.65  3.12 66.236 128.914 109.587 21.991 85019.238
 X  3213 50.187  0.00236 0.00200  1.23  3.15 66.241 128.907 109.584 21.991 85019.138
 X  3213 50.238  0.00203 0.00201  0.72  3.16 66.246 128.900 109.582 21.992 85019.040
 X  3213 50.289  0.00166 0.00200  0.15  3.16 66.250 128.892 109.580 21.992 85018.941
 X  3213 50.340  0.00124 0.00200 -0.50  3.16 66.255 128.884 109.577 21.993 85018.842
 X  3213 50.391  0.00079 0.00199 -1.18  3.15 66.260 128.876 109.575 21.993 85018.739
 X  3213 50.441  0.00037 0.00197 -1.84  3.12 66.265 128.868 109.572 21.994 85018.635
 X  3213 50.492  0.00002 0.00193 -2.38  3.06 66.270 128.860 109.570 21.994 85018.528
 X  3213 50.543 -0.00025 0.00189 -2.79  3.00 66.275 128.851 109.567 21.995 85018.420
 X  3213 50.594 -0.00044 0.00186 -3.08  2.96 66.280 128.843 109.565 21.996 85018.310
 X  3213 50.644 -0.00056 0.00184 -3.27  2.94 66.286 128.835 109.562 21.996 85018.199
 X  3213 50.695 -0.00058 0.00184 -3.28  2.94 66.291 128.826 109.560 21.997 85018.088
 X  3213 50.745 -0.00038 0.00185 -2.96  2.96 66.296 128.818 109.557 21.997 85017.978
 X  3213 50.796  0.00008 0.00187 -2.21  2.99 66.301 128.810 109.554 21.998 85017.869
 X  3213 50.846  0.00078 0.00189 -1.07  3.03 66.306 128.802 109.552 21.998 85017.761
 X  3213 50.896  0.00162 0.00190  0.30  3.06 66.311 128.793 109.549 21.999 85017.654
 X  3213 50.947  0.00249 0.00191  1.72  3.08 66.316 128.785 109.547 21.999 85017.546
 X  3213 50.997  0.00328 0.00191  3.02  3.09 66.321 128.776 109.544 22.000 85017.435
 X  3213 51.047  0.00388 0.00191  4.00  3.09 66.327 128.767 109.542 22.001 85017.323
 X  3213 51.097  0.00421 0.00190  4.56  3.08 66.332 128.758 109.539 22.001 85017.208
 X  3213 51.147  0.00431 0.00190  4.74  3.07 66.337 128.750 109.536 22.002 85017.093
 X  3213 51.196  0.00425 0.00189  4.67  3.06 66.342 128.742 109.534 22.002 85016.981
 X  3213 51.246  0.00407 0.00189  4.40  3.07 66.347 128.734 109.531 22.003 85016.872
 X  3213 51.295  0.00378 0.00190  3.94  3.09 66.352 128.727 109.529 22.003 85016.769
 X  3213 51.345  0.00337 0.00193  3.30  3.14 66.356 128.719 109.527 22.004 85016.668
 X  3213 51.394  0.00291 0.00196  2.55  3.19 66.361 128.712 109.525 22.004 85016.570
 X  3213 51.444  0.00246 0.00199  1.84  3.25 66.365 128.705 109.522 22.005 85016.472
 X  3213 51.493  0.00209 0.00202  1.26  3.30 66.369 128.698 109.520 22.005 85016.376
 X  3213 51.542  0.00183 0.00205  0.85  3.35 66.374 128.691 109.518 22.006 85016.282
 X  3213 51.591  0.00164 0.00207  0.54  3.40 66.378 128.684 109.516 22.006 85016.189
 X  3213 51.640  0.00147 0.00210  0.29  3.44 66.382 128.677 109.514 22.007 85016.098
 X  3213 51.689  0.00132 0.00210  0.06  3.46 66.386 128.671 109.512 22.007 85016.008
 X  3213 51.738  0.00121 0.00210 -0.11  3.45 66.390 128.664 109.510 22.007 85015.919
 X  3213 51.787  0.00115 0.00208 -0.20  3.43 66.394 128.657 109.508 22.008 85015.830
 X  3213 51.836  0.00112 0.00207 -0.23  3.42 66.399 128.651 109.505 22.008 85015.741
 X  3213 51.885  0.00110 0.00208 -0.27  3.43 66.403 128.644 109.503 22.009 85015.651
 X  3213 51.934  0.00102 0.00210 -0.38  3.47 66.407 128.637 109.501 22.009 85015.560
 X  3213 51.982  0.00084 0.00214 -0.66  3.54 66.411 128.630 109.499 22.010 85015.468
 X  3213 52.031  0.00056 0.00217 -1.11  3.60 66.416 128.623 109.497 22.010 85015.375
 X  3213 52.080  0.00024 0.00220 -1.64  3.65 66.420 128.616 109.495 22.011 85015.282
 X  3213 52.128 -0.00005 0.00221 -2.10  3.67 66.424 128.609 109.492 22.011 85015.189
 X  3213 52.177 -0.00023 0.00221 -2.39  3.68 66.428 128.602 109.490 22.012 85015.097
 X  3213 52.225 -0.00026 0.00221 -2.44  3.68 66.432 128.595 109.488 22.012 85015.007
 X  3213 52.273 -0.00015 0.00221 -2.24  3.68 66.436 128.589 109.486 22.012 85014.919
 X  3213 52.321  0.00016 0.00220 -1.72  3.68 66.440 128.584 109.484 22.013 85014.835
 X  3213 52.370  0.00066 0.00219 -0.87  3.67 66.444 128.578 109.483 22.013 85014.753
 X  3213 52.418  0.00132 0.00219  0.25  3.66 66.447 128.572 109.481 22.014 85014.672
 X  3213 52.466  0.00204 0.00220  1.46  3.68 66.451 128.566 109.479 22.014 85014.592
 X  3213 52.514  0.00267 0.00223  2.54  3.74 66.455 128.560 109.477 22.014 85014.512
 X  3213 52.562  0.00310 0.00227  3.27  3.81 66.458 128.554 109.475 22.015 85014.432
 X  3213 52.610  0.00327 0.00231  3.57  3.88 66.462 128.548 109.473 22.015 85014.353
 X  3213 52.658  0.00317 0.00233  3.42  3.91 66.466 128.542 109.471 22.016 85014.273
 X  3213 52.706  0.00283 0.00232  2.87  3.90 66.469 128.536 109.469 22.016 85014.193
 X  3213 52.754  0.00230 0.00229  1.98  3.86 66.473 128.530 109.468 22.016 85014.114
 X  3213 52.802  0.00163 0.00227  0.86  3.83 66.477 128.524 109.466 22.017 85014.034
 X  3213 52.849  0.00092 0.00225 -0.32  3.81 66.480 128.518 109.464 22.017 85013.954
 X  3213 52.897  0.00027 0.00226 -1.41  3.82 66.484 128.513 109.462 22.018 85013.874
 X  3213 52.945 -0.00023 0.00228 -2.25  3.87 66.488 128.506 109.460 22.018 85013.795
 X  3213 52.993 -0.00054 0.00232 -2.75  3.93 66.491 128.500 109.458 22.018 85013.715
 X  3213 53.040 -0.00062 0.00236 -2.89  4.01 66.495 128.495 109.456 22.019 85013.635
 X  3213 53.088 -0.00049 0.00240 -2.67  4.08 66.499 128.489 109.454 22.019 85013.556
 X  3213 53.135 -0.00018 0.00243 -2.12  4.14 66.502 128.483 109.453 22.020 85013.477
 X  3213 53.183  0.00026 0.00246 -1.36  4.19 66.506 128.477 109.451 22.020 85013.398
 X  3213 53.230  0.00071 0.00246 -0.58  4.21 66.509 128.471 109.449 22.020 85013.320
 X  3213 53.278  0.00110 0.00245  0.09  4.19 66.513 128.466 109.447 22.021 85013.242
 X  3213 53.325  0.00136 0.00243  0.55  4.16 66.516 128.460 109.445 22.021 85013.165
 X  3213 53.372  0.00149 0.00243  0.78  4.16 66.520 128.455 109.444 22.021 85013.088
 X  3213 53.419  0.00149 0.00245  0.79  4.19 66.523 128.450 109.442 22.022 85013.014
 X  3213 53.467  0.00137 0.00250  0.60  4.29 66.526 128.444 109.440 22.022 85012.940
 X  3213 53.514  0.00116 0.00257  0.25  4.41 66.529 128.439 109.439 22.022 85012.869
 X  3213 53.561  0.00090 0.00262 -0.19  4.50 66.533 128.434 109.437 22.023 85012.798
 X  3213 53.608  0.00063 0.00264 -0.64  4.55 66.536 128.429 109.435 22.023 85012.727
 X  3213 53.655  0.00041 0.00265 -1.00  4.57 66.539 128.424 109.434 22.023 85012.656
 X  3213 53.702  0.00028 0.00266 -1.22  4.59 66.542 128.419 109.432 22.024 85012.586
 X  3213 53.749  0.00023 0.00266 -1.31  4.60 66.546 128.413 109.430 22.024 85012.516
 X  3213 53.796  0.00023 0.00265 -1.29  4.59 66.549 128.408 109.428 22.025 85012.445
 X  3213 53.843  0.00024 0.00264 -1.27  4.57 66.552 128.403 109.427 22.025 85012.374
 X  3213 53.890  0.00020 0.00261 -1.33  4.54 66.556 128.398 109.425 22.025 85012.302
 X  3213 53.937  0.00008 0.00258 -1.52  4.49 66.559 128.392 109.423 22.026 85012.230
 X  3213 53.984 -0.00011 0.00254 -1.85  4.43 66.562 128.387 109.422 22.026 85012.158
 X  3213 54.031 -0.00032 0.00250 -2.20  4.35 66.566 128.382 109.420 22.026 85012.086
 X  3213 54.078 -0.00046 0.00244 -2.43  4.26 66.569 128.376 109.418 22.027 85012.013
 X  3213 54.125 -0.00049 0.00238 -2.48  4.16 66.572 128.371 109.416 22.027 85011.940
 X  3213 54.171 -0.00040 0.00233 -2.31  4.07 66.576 128.365 109.415 22.027 85011.867
 X  3213 54.218 -0.00019 0.00231 -1.94  4.05 66.579 128.360 109.413 22.028 85011.794
 X  3213 54.265  0.00016 0.00238 -1.33  4.18 66.582 128.355 109.411 22.028 85011.721
 X  3213 54.311  0.00067 0.00258 -0.42  4.54 66.585 128.349 109.410 22.028 85011.648
 X  3213 54.358  0.00137 0.00293  0.83  5.15 66.589 128.344 109.408 22.029 85011.576
 X  3213 54.404  0.00223 0.00336  2.36  5.93 66.592 128.339 109.406 22.029 85011.505
 X  3213 54.451  0.00317 0.00382  4.02  6.74 66.595 128.334 109.404 22.029 85011.434
 X  3213 54.497  0.00403 0.00420  5.57  7.43 66.598 128.328 109.403 22.030 85011.363
 X  3213 54.544  0.00471 0.00448  6.80  7.93 66.602 128.323 109.401 22.030 85011.292
 X  3214 35.555  0.01729 0.00314  4.30  2.72 60.851 135.992 112.182 21.547 10496.566
 X  3214 35.769  0.01757 0.00303  4.82  2.64 61.095 135.755 112.070 21.563 10488.511
 X  3214 35.969  0.01794 0.00280  5.41  2.45 61.259 135.592 111.994 21.574 10476.244
 X  3214 36.166  0.01839 0.00248  6.07  2.18 61.420 135.429 111.920 21.585 10463.149
 X  3214 36.362  0.01893 0.00215  6.84  1.90 61.602 135.242 111.837 21.597 10456.720
 X  3214 36.548  0.01958 0.00184  7.68  1.64 61.798 135.036 111.747 21.611 10451.655
 X  3214 36.726  0.02028 0.00159  8.57  1.43 61.939 134.885 111.681 21.621 10448.551
 X  3214 36.894  0.02098 0.00145  9.45  1.31 62.085 134.726 111.614 21.632 10445.598
 X  3214 37.056  0.02166 0.00142 10.29  1.29 62.188 134.613 111.567 21.639 10441.395
 X  3214 37.216  0.02241 0.00149 11.22  1.36 62.270 134.522 111.529 21.645 10438.161
 X  3214 37.379  0.02333 0.00161 12.33  1.48 62.381 134.398 111.478 21.654 10434.921
 X  3214 37.542  0.02452 0.00175 13.72  1.62 62.520 134.239 111.414 21.664 10432.508
 X  3214 37.695  0.02598 0.00188 15.37  1.75 62.659 134.078 111.350 21.675 10430.881
 X  3214 37.843  0.02765 0.00198 17.18  1.86 62.787 133.929 111.291 21.685 10428.530
 X  3214 37.985  0.02944 0.00206 19.11  1.94 62.863 133.838 111.255 21.691 10425.873
 X  3214 38.124  0.03124 0.00210 21.09  1.99 62.972 133.708 111.205 21.699 10421.867
 X  3214 38.259  0.03295 0.00213 22.96  2.02 63.086 133.569 111.152 21.709 10420.510
 X  3214 38.383  0.03443 0.00213 24.58  2.03 63.137 133.508 111.129 21.713 10418.137
 X  3214 38.508  0.03566 0.00212 25.98  2.03 63.184 133.451 111.107 21.717 10415.769
 X  3214 38.634  0.03674 0.00212 27.27  2.04 63.251 133.368 111.076 21.722 10414.474
 X  3214 38.758  0.03775 0.00213 28.50  2.06 63.316 133.287 111.046 21.728 10413.550
 X  3214 38.879  0.03872 0.00216 29.69  2.10 63.376 133.213 111.018 21.732 10412.151
 X  3214 39.000  0.03962 0.00220 30.84  2.15 63.440 133.131 110.988 21.738 10410.564
 X  3214 39.119  0.04037 0.00223 31.83  2.19 63.513 133.039 110.955 21.744 10409.410
 X  3214 39.233  0.04081 0.00224 32.49  2.20 63.569 132.968 110.929 21.749 10407.895
 X  3214 39.344  0.04081 0.00221 32.70  2.18 63.609 132.916 110.910 21.752 10406.379
 X  3214 39.454  0.04029 0.00214 32.42  2.12 63.649 132.865 110.891 21.756 10405.560
 X  3214 39.564  0.03930 0.00206 31.65  2.05 63.687 132.816 110.874 21.759 10404.610
 X  3214 39.673  0.03791 0.00198 30.49  1.98 63.718 132.776 110.859 21.762 10403.785
 X  3214 39.784  0.03626 0.00191 29.09  1.92 63.761 132.720 110.839 21.765 10403.155
 X  3214 39.894  0.03448 0.00184 27.54  1.86 63.810 132.655 110.816 21.770 10402.161
 X  3214 40.003  0.03259 0.00179 25.86  1.81 63.856 132.595 110.795 21.774 10401.043
 X  3214 40.110  0.03062 0.00174 24.08  1.77 63.901 132.535 110.774 21.778 10400.069
 X  3214 40.216  0.02860 0.00170 22.22  1.74 63.942 132.481 110.755 21.781 10399.088
 X  3214 40.320  0.02658 0.00164 20.34  1.68 63.973 132.439 110.740 21.784 10398.325
 X  3214 40.426  0.02464 0.00157 18.56  1.62 64.016 132.382 110.720 21.788 10397.477
 X  3214 40.530  0.02286 0.00148 16.91  1.54 64.057 132.327 110.701 21.792 10396.463
 X  3214 40.633  0.02128 0.00140 15.44  1.46 64.092 132.279 110.684 21.795 10395.826
 X  3214 40.736  0.01998 0.00133 14.27  1.39 64.127 132.232 110.668 21.798 10394.926
 X  3214 40.840  0.01899 0.00129 13.41  1.36 64.170 132.173 110.648 21.802 10393.969
 X  3214 40.945  0.01831 0.00127 12.89  1.34 64.218 132.107 110.625 21.806 10392.463
 X  3214 41.048  0.01791 0.00126 12.66  1.35 64.284 132.016 110.595 21.812 10391.311
 X  3214 41.146  0.01776 0.00127 12.66  1.36 64.334 131.946 110.571 21.817 10390.357
 X  3214 41.242  0.01781 0.00127 12.86  1.37 64.375 131.889 110.552 21.821 10389.520
 X  3214 41.337  0.01799 0.00128 13.20  1.38 64.415 131.833 110.534 21.824 10388.627
 X  3214 41.429  0.01821 0.00128 13.57  1.39 64.453 131.779 110.516 21.828 10388.065
 X  3214 41.519  0.01836 0.00128 13.85  1.39 64.482 131.739 110.502 21.831 10387.655
 X  3214 41.608  0.01843 0.00127 14.04  1.38 64.501 131.712 110.493 21.832 10387.176
 X  3214 41.697  0.01844 0.00125 14.18  1.37 64.521 131.683 110.484 21.834 10386.578
 X  3214 41.788  0.01847 0.00122 14.35  1.34 64.546 131.648 110.472 21.837 10385.568
 X  3214 41.878  0.01849 0.00120 14.52  1.33 64.577 131.604 110.457 21.840 10385.155
 X  3214 41.967  0.01844 0.00120 14.60  1.33 64.619 131.544 110.438 21.844 10384.846
 X  3214 42.052  0.01821 0.00122 14.46  1.36 64.636 131.520 110.430 21.845 10384.544
 X  3214 42.138  0.01783 0.00125 14.14  1.40 64.649 131.501 110.423 21.846 10384.131
 X  3214 42.224  0.01737 0.00129 13.75  1.44 64.662 131.483 110.417 21.848 10383.351
 X  3214 42.311  0.01697 0.00131 13.44  1.47 64.679 131.460 110.409 21.849 10382.699
 X  3214 42.400  0.01671 0.00130 13.29  1.47 64.703 131.425 110.398 21.852 10382.210
 X  3214 42.490  0.01655 0.00128 13.27  1.46 64.740 131.370 110.380 21.855 10381.023
 X  3214 42.577  0.01645 0.00126 13.30  1.44 64.762 131.339 110.370 21.857 10380.412
 X  3214 42.666  0.01644 0.00122 13.45  1.41 64.796 131.289 110.354 21.861 10379.712
 X  3214 42.753  0.01650 0.00119 13.69  1.38 64.834 131.233 110.336 21.864 10378.863
 X  3214 42.839  0.01660 0.00116 13.95  1.34 64.868 131.183 110.320 21.868 10378.526
 X  3214 42.923  0.01671 0.00113 14.22  1.33 64.896 131.142 110.307 21.870 10378.227
 X  3214 43.006  0.01680 0.00113 14.46  1.32 64.933 131.087 110.290 21.874 10377.883
 X  3214 43.086  0.01684 0.00113 14.61  1.33 64.953 131.056 110.280 21.876 10377.169
 X  3214 43.165  0.01690 0.00113 14.79  1.34 64.970 131.032 110.272 21.878 10376.505
 X  3214 43.244  0.01711 0.00114 15.15  1.35 64.982 131.014 110.266 21.879 10376.201
 X  3214 43.326  0.01748 0.00114 15.72  1.36 65.005 130.980 110.255 21.881 10375.933
 X  3214 43.406  0.01793 0.00115 16.41  1.38 65.028 130.945 110.244 21.884 10375.661
 X  3214 43.485  0.01834 0.00116 17.03  1.39 65.057 130.901 110.231 21.886 10375.258
 X  3214 43.563  0.01860 0.00117 17.45  1.41 65.075 130.875 110.222 21.888 10374.665
 X  3214 43.640  0.01872 0.00117 17.71  1.41 65.087 130.857 110.217 21.889 10373.872
 X  3214 43.717  0.01875 0.00116 17.87  1.41 65.099 130.840 110.211 21.891 10373.316
 X  3214 43.796  0.01873 0.00114 17.99  1.39 65.112 130.820 110.204 21.892 10372.834
 X  3214 43.875  0.01874 0.00112 18.16  1.38 65.132 130.790 110.195 21.894 10372.351
 X  3214 43.955  0.01880 0.00111 18.41  1.37 65.162 130.745 110.181 21.897 10371.936
 X  3214 44.033  0.01887 0.00110 18.66  1.36 65.192 130.698 110.167 21.900 10371.549
 X  3214 44.110  0.01885 0.00109 18.77  1.36 65.216 130.661 110.155 21.902 10371.087
 X  3214 44.186  0.01873 0.00109 18.75  1.36 65.238 130.627 110.145 21.905 10370.608
 X  3214 44.261  0.01852 0.00109 18.63  1.36 65.259 130.595 110.135 21.907 10370.176
 X  3214 44.335  0.01827 0.00108 18.43  1.36 65.278 130.566 110.126 21.909 10369.973
 X  3214 44.409  0.01803 0.00108 18.24  1.36 65.294 130.541 110.118 21.910 10369.705
 X  3214 44.482  0.01782 0.00108 18.10  1.37 65.313 130.512 110.109 21.912 10369.504
 X  3214 44.556  0.01759 0.00109 17.93  1.38 65.334 130.479 110.099 21.915 10369.163
 X  3214 44.628  0.01724 0.00110 17.59  1.40 65.355 130.448 110.089 21.917 10368.782
 X  3214 44.698  0.01672 0.00112 17.01  1.44 65.369 130.425 110.082 21.918 10368.521
 X  3214 44.768  0.01605 0.00116 16.23  1.48 65.381 130.407 110.076 21.919 10368.122
 X  3214 44.838  0.01534 0.00120 15.40  1.54 65.390 130.393 110.072 21.920 10367.572
 X  3214 44.908  0.01469 0.00123 14.65  1.59 65.401 130.377 110.067 21.921 10367.223
 X  3214 44.979  0.01417 0.00125 14.08  1.61 65.413 130.359 110.061 21.923 10366.912
 X  3214 45.050  0.01382 0.00125 13.72  1.62 65.428 130.335 110.054 21.924 10366.679
 X  3214 45.120  0.01368 0.00123 13.63  1.60 65.442 130.314 110.047 21.926 10366.486
 X  3214 45.191  0.01376 0.00121 13.82  1.58 65.455 130.293 110.041 21.927 10366.254
 X  3214 45.262  0.01398 0.00119 14.22  1.56 65.470 130.269 110.034 21.929 10365.922
 X  3214 45.332  0.01432 0.00118 14.77  1.56 65.495 130.230 110.022 21.931 10365.482
 X  3214 45.401  0.01473 0.00119 15.40  1.57 65.511 130.206 110.014 21.933 10365.234
 X  3214 45.469  0.01514 0.00120 16.02  1.60 65.524 130.185 110.008 21.934 10364.961
 X  3214 45.536  0.01548 0.00123 16.55  1.64 65.536 130.166 110.002 21.935 10364.707
 X  3214 45.603  0.01575 0.00127 16.99  1.69 65.544 130.154 109.998 21.936 10364.383
 X  3214 45.670  0.01598 0.00130 17.38  1.74 65.552 130.142 109.994 21.937 10364.053
 X  3214 45.738  0.01621 0.00133 17.78  1.78 65.563 130.124 109.989 21.938 10363.704
 X  3214 45.807  0.01645 0.00134 18.21  1.81 65.578 130.100 109.982 21.940 10363.415
 X  3214 45.874  0.01668 0.00136 18.63  1.83 65.595 130.074 109.974 21.942 10363.095
 X  3214 45.941  0.01687 0.00135 18.97  1.83 65.609 130.052 109.967 21.943 10362.928
 X  3214 46.007  0.01699 0.00134 19.22  1.81 65.619 130.036 109.962 21.944 10362.749
 X  3214 46.073  0.01705 0.00131 19.39  1.78 65.630 130.019 109.957 21.945 10362.573
 X  3214 46.140  0.01705 0.00127 19.48  1.74 65.641 130.001 109.951 21.946 10362.362
 X  3214 46.206  0.01697 0.00124 19.48  1.70 65.654 129.980 109.945 21.948 10362.168
 X  3214 46.272  0.01681 0.00121 19.36  1.66 65.670 129.954 109.937 21.950 10361.954
 X  3214 46.337  0.01656 0.00118 19.09  1.63 65.684 129.933 109.931 21.951 10361.776
 X  3214 46.402  0.01621 0.00117 18.69  1.61 65.695 129.916 109.926 21.952 10361.624
 X  3214 46.466  0.01579 0.00117 18.19  1.61 65.709 129.893 109.919 21.954 10361.431
 X  3214 46.530  0.01534 0.00118 17.63  1.63 65.717 129.881 109.915 21.954 10361.192
 X  3214 46.593  0.01488 0.00121 17.04  1.67 65.725 129.869 109.911 21.955 10360.927
 X  3214 46.656  0.01442 0.00123 16.47  1.72 65.732 129.857 109.907 21.956 10360.732
 X  3214 46.719  0.01399 0.00126 15.93  1.76 65.740 129.845 109.903 21.957 10360.400
 X  3214 46.782  0.01360 0.00128 15.45  1.79 65.748 129.832 109.899 21.958 10360.138
 X  3214 46.846  0.01327 0.00129 15.05  1.81 65.756 129.819 109.895 21.959 10359.871
 X  3214 46.909  0.01298 0.00131 14.71  1.83 65.765 129.806 109.891 21.959 10359.576
 X  3214 46.972  0.01270 0.00132 14.37  1.86 65.773 129.793 109.887 21.960 10359.348
 X  3214 47.035  0.01240 0.00134 14.01  1.88 65.780 129.782 109.884 21.961 10359.198
 X  3214 47.098  0.01209 0.00135 13.64  1.91 65.787 129.770 109.880 21.962 10359.066
 X  3214 47.161  0.01182 0.00137 13.32  1.93 65.796 129.756 109.876 21.963 10358.903
 X  3214 47.224  0.01162 0.00138 13.11  1.95 65.805 129.742 109.871 21.964 10358.707
 X  3214 47.288  0.01149 0.00138 13.01  1.96 65.817 129.723 109.866 21.965 10358.522
 X  3214 47.351  0.01143 0.00136 12.99  1.95 65.828 129.705 109.860 21.966 10358.345
 X  3214 47.414  0.01142 0.00134 13.06  1.91 65.839 129.687 109.855 21.967 10358.016
 X  3214 47.477  0.01147 0.00130 13.19  1.86 65.850 129.669 109.850 21.969 10357.791
 X  3214 47.539  0.01152 0.00126 13.34  1.82 65.861 129.651 109.844 21.970 10357.534
 X  3214 47.601  0.01155 0.00123 13.45  1.78 65.873 129.632 109.839 21.971 10357.378
 X  3214 47.662  0.01156 0.00123 13.51  1.78 65.883 129.615 109.833 21.972 10357.181
 X  3214 47.723  0.01153 0.00126 13.52  1.82 65.892 129.602 109.829 21.973 10356.981
 X  3214 47.784  0.01145 0.00130 13.45  1.89 65.899 129.591 109.826 21.974 10356.795
 X  3214 47.844  0.01128 0.00135 13.26  1.97 65.904 129.583 109.823 21.974 10356.610
 X  3214 47.905  0.01106 0.00140 13.00  2.04 65.910 129.573 109.820 21.975 10356.430
 X  3214 47.966  0.01084 0.00142 12.73  2.07 65.918 129.561 109.816 21.976 10356.270
 X  3214 48.027  0.01061 0.00141 12.46  2.07 65.926 129.548 109.812 21.977 10356.135
 X  3214 48.088  0.01037 0.00138 12.15  2.03 65.934 129.535 109.808 21.978 10356.003
 X  3214 48.149  0.01007 0.00135 11.79  1.99 65.945 129.516 109.803 21.979 10355.853
 X  3214 48.209  0.00973 0.00132 11.34  1.96 65.956 129.499 109.798 21.980 10355.691
 X  3214 48.270  0.00936 0.00131 10.84  1.94 65.966 129.482 109.793 21.981 10355.557
 X  3214 48.330  0.00895 0.00131 10.29  1.94 65.976 129.465 109.788 21.982 10355.437
 X  3214 48.389  0.00853 0.00131  9.71  1.95 65.983 129.455 109.785 21.983 10355.293
 X  3214 48.448  0.00807 0.00131  9.07  1.96 65.990 129.443 109.781 21.984 10355.140
 X  3214 48.508  0.00755 0.00132  8.33  1.98 65.999 129.429 109.777 21.985 10354.994
 X  3214 48.567  0.00695 0.00133  7.47  1.99 66.007 129.416 109.773 21.985 10354.834
 X  3214 48.625  0.00628 0.00134  6.49  2.01 66.014 129.404 109.769 21.986 10354.643
 X  3214 48.684  0.00555 0.00136  5.43  2.04 66.022 129.392 109.765 21.987 10354.460
 X  3214 48.742  0.00480 0.00138  4.33  2.08 66.029 129.381 109.762 21.988 10354.296
 X  3214 48.800  0.00405 0.00142  3.23  2.15 66.035 129.371 109.759 21.988 10354.133
 X  3214 48.858  0.00333 0.00147  2.17  2.22 66.040 129.362 109.756 21.989 10353.942
 X  3214 48.916  0.00266 0.00150  1.18  2.27 66.046 129.354 109.753 21.990 10353.785
 X  3214 48.974  0.00207 0.00151  0.31  2.29 66.053 129.343 109.750 21.990 10353.635
 X  3214 49.032  0.00159 0.00151 -0.40  2.29 66.058 129.333 109.747 21.991 10353.494
 X  3214 49.090  0.00124 0.00151 -0.91  2.29 66.064 129.324 109.744 21.992 10353.363
 X  3214 49.148  0.00103 0.00151 -1.21  2.30 66.070 129.315 109.741 21.992 10353.238
 X  3214 49.205  0.00095 0.00152 -1.31  2.32 66.075 129.307 109.739 21.993 10353.108
 X  3214 49.263  0.00101 0.00153 -1.20  2.34 66.081 129.298 109.736 21.993 10352.981
 X  3214 49.321  0.00121 0.00154 -0.88  2.35 66.086 129.289 109.733 21.994 10352.828
 X  3214 49.379  0.00154 0.00154 -0.35  2.36 66.092 129.280 109.730 21.995 10352.675
 X  3214 49.437  0.00193 0.00154  0.27  2.36 66.100 129.268 109.726 21.995 10352.528
 X  3214 49.495  0.00232 0.00153  0.90  2.36 66.107 129.255 109.722 21.996 10352.387
 X  3214 49.552  0.00268 0.00152  1.47  2.34 66.115 129.243 109.719 21.997 10352.257
 X  3214 49.610  0.00298 0.00150  1.96  2.32 66.122 129.231 109.715 21.998 10352.072
 X  3214 49.667  0.00323 0.00148  2.37  2.29 66.128 129.221 109.712 21.998 10351.949
 X  3214 49.724  0.00340 0.00146  2.67  2.26 66.135 129.209 109.709 21.999 10351.824
 X  3214 49.781  0.00348 0.00143  2.82  2.22 66.142 129.198 109.705 22.000 10351.668
 X  3214 49.838  0.00348 0.00140  2.84  2.18 66.149 129.186 109.702 22.001 10351.541
 X  3214 49.895  0.00341 0.00139  2.75  2.16 66.156 129.176 109.699 22.001 10351.434
 X  3214 49.951  0.00329 0.00139  2.59  2.17 66.162 129.166 109.696 22.002 10351.321
 X  3214 50.007  0.00314 0.00141  2.38  2.20 66.167 129.157 109.693 22.003 10351.191
 X  3214 50.063  0.00301 0.00144  2.20  2.25 66.172 129.150 109.690 22.003 10351.053
 X  3214 50.119  0.00294 0.00147  2.10  2.30 66.177 129.142 109.688 22.004 10350.921
 X  3214 50.176  0.00295 0.00149  2.14  2.35 66.182 129.134 109.685 22.004 10350.799
 X  3214 50.232  0.00302 0.00151  2.27  2.38 66.188 129.124 109.682 22.005 10350.657
 X  3214 50.288  0.00311 0.00152  2.44  2.39 66.194 129.114 109.679 22.006 10350.544
 X  3214 50.344  0.00316 0.00152  2.55  2.40 66.200 129.105 109.676 22.006 10350.434
 X  3214 50.400  0.00316 0.00152  2.58  2.40 66.206 129.095 109.673 22.007 10350.314
 X  3214 50.456  0.00312 0.00151  2.53  2.40 66.212 129.085 109.670 22.008 10350.200
 X  3214 50.512  0.00305 0.00151  2.44  2.41 66.218 129.075 109.667 22.008 10350.086
 X  3214 50.568  0.00297 0.00152  2.34  2.41 66.224 129.065 109.664 22.009 10349.972
 X  3214 50.623  0.00289 0.00152  2.24  2.43 66.230 129.056 109.661 22.009 10349.852
 X  3214 50.678  0.00282 0.00154  2.15  2.46 66.236 129.046 109.658 22.010 10349.729
 X  3214 50.734  0.00279 0.00156  2.11  2.49 66.241 129.038 109.656 22.011 10349.612
 X  3214 50.789  0.00280 0.00158  2.16  2.53 66.247 129.029 109.653 22.011 10349.508
 X  3214 50.844  0.00287 0.00159  2.28  2.56 66.252 129.020 109.650 22.012 10349.397
 X  3214 50.899  0.00298 0.00161  2.48  2.58 66.257 129.013 109.648 22.012 10349.282
 X  3214 50.953  0.00311 0.00162  2.70  2.61 66.261 129.005 109.646 22.013 10349.159
 X  3214 51.008  0.00323 0.00163  2.91  2.63 66.266 128.998 109.643 22.013 10349.041
 X  3214 51.063  0.00332 0.00164  3.08  2.64 66.272 128.989 109.640 22.014 10348.931
 X  3214 51.118  0.00338 0.00164  3.21  2.65 66.277 128.979 109.637 22.015 10348.827
 X  3214 51.173  0.00342 0.00164  3.29  2.65 66.282 128.971 109.635 22.015 10348.718
 X  3214 51.227  0.00342 0.00163  3.31  2.64 66.287 128.963 109.632 22.016 10348.616
 X  3214 51.282  0.00339 0.00161  3.28  2.62 66.293 128.953 109.629 22.016 10348.519
 X  3214 51.336  0.00335 0.00160  3.24  2.60 66.298 128.945 109.627 22.017 10348.409
 X  3214 51.390  0.00332 0.00159  3.21  2.59 66.302 128.939 109.625 22.017 10348.301
 X  3214 51.444  0.00331 0.00159  3.21  2.59 66.307 128.931 109.622 22.018 10348.203
 X  3214 51.499  0.00330 0.00159  3.22  2.60 66.312 128.924 109.620 22.018 10348.097
 X  3214 51.553  0.00328 0.00161  3.21  2.62 66.316 128.916 109.618 22.019 10347.991
 X  3214 51.607  0.00325 0.00163  3.17  2.66 66.321 128.909 109.615 22.019 10347.895
 X  3214 51.661  0.00319 0.00165  3.09  2.71 66.325 128.901 109.613 22.020 10347.798
 X  3214 51.715  0.00311 0.00168  2.99  2.75 66.330 128.894 109.610 22.020 10347.700
 X  3214 51.769  0.00302 0.00169  2.85  2.78 66.335 128.886 109.608 22.021 10347.599
 X  3214 51.822  0.00289 0.00170  2.67  2.80 66.340 128.877 109.605 22.021 10347.496
 X  3214 51.876  0.00273 0.00170  2.42  2.80 66.345 128.871 109.603 22.022 10347.385
 X  3214 51.930  0.00256 0.00170  2.15  2.81 66.349 128.864 109.601 22.022 10347.286
 X  3214 51.983  0.00238 0.00170  1.87  2.81 66.353 128.857 109.599 22.023 10347.191
 X  3214 52.037  0.00221 0.00169  1.61  2.80 66.358 128.849 109.596 22.023 10347.104
 X  3214 52.090  0.00205 0.00168  1.36  2.78 66.363 128.841 109.594 22.024 10347.017
 X  3214 52.144  0.00190 0.00167  1.12  2.77 66.367 128.834 109.591 22.024 10346.932
 X  3214 52.197  0.00173 0.00167  0.87  2.78 66.372 128.826 109.589 22.025 10346.845
 X  3214 52.250  0.00156 0.00169  0.60  2.81 66.376 128.819 109.587 22.025 10346.749
 X  3214 52.303  0.00140 0.00172  0.33  2.87 66.381 128.812 109.585 22.026 10346.659
 X  3214 52.356  0.00125 0.00177  0.11  2.95 66.385 128.805 109.582 22.026 10346.575
 X  3214 52.409  0.00116 0.00181 -0.03  3.02 66.389 128.799 109.580 22.027 10346.483
 X  3214 52.462  0.00114 0.00184 -0.05  3.08 66.393 128.793 109.578 22.027 10346.387
 X  3214 52.515  0.00120 0.00185  0.06  3.10 66.397 128.785 109.576 22.027 10346.285
 X  3214 52.568  0.00133 0.00186  0.29  3.12 66.402 128.778 109.574 22.028 10346.187
 X  3214 52.621  0.00149 0.00186  0.58  3.13 66.406 128.772 109.572 22.028 10346.100
 X  3214 52.674  0.00167 0.00187  0.89  3.14 66.410 128.766 109.570 22.029 10346.012
 X  3214 52.726  0.00184 0.00187  1.19  3.15 66.414 128.759 109.568 22.029 10345.924
 X  3214 52.779  0.00197 0.00188  1.43  3.16 66.418 128.752 109.565 22.030 10345.833
 X  3214 52.831  0.00203 0.00188  1.53  3.16 66.422 128.746 109.563 22.030 10345.741
 X  3214 52.884  0.00198 0.00188  1.48  3.17 66.426 128.739 109.561 22.031 10345.654
 X  3214 52.936  0.00184 0.00188  1.25  3.18 66.430 128.733 109.559 22.031 10345.568
 X  3214 52.989  0.00161 0.00188  0.88  3.18 66.434 128.727 109.557 22.031 10345.477
 X  3214 53.041  0.00134 0.00187  0.43  3.17 66.438 128.720 109.555 22.032 10345.386
 X  3214 53.094  0.00109 0.00185  0.02  3.13 66.442 128.713 109.553 22.032 10345.310
 X  3214 53.146  0.00091 0.00182 -0.28  3.10 66.446 128.707 109.551 22.033 10345.235
 X  3214 53.198  0.00080 0.00181 -0.44  3.09 66.450 128.700 109.549 22.033 10345.148
 X  3214 53.250  0.00077 0.00183 -0.49  3.11 66.454 128.694 109.547 22.034 10345.060
 X  3214 53.302  0.00080 0.00186 -0.42  3.18 66.458 128.688 109.545 22.034 10344.969
 X  3214 53.354  0.00089 0.00192 -0.26  3.28 66.461 128.683 109.543 22.034 10344.879
 X  3214 53.406  0.00101 0.00198 -0.05  3.39 66.464 128.678 109.541 22.035 10344.795
 X  3214 53.458  0.00114 0.00203  0.20  3.48 66.468 128.672 109.540 22.035 10344.708
 X  3214 53.510  0.00127 0.00206  0.43  3.54 66.471 128.667 109.538 22.035 10344.612
 X  3214 53.562  0.00136 0.00207  0.59  3.55 66.475 128.661 109.536 22.036 10344.526
 X  3214 53.613  0.00136 0.00206  0.60  3.53 66.479 128.655 109.534 22.036 10344.446
 X  3214 53.665  0.00127 0.00204  0.46  3.50 66.482 128.649 109.532 22.037 10344.367
 X  3214 53.717  0.00112 0.00201  0.23  3.47 66.486 128.643 109.530 22.037 10344.289
 X  3214 53.769  0.00101 0.00199  0.05  3.44 66.490 128.638 109.528 22.037 10344.212
 X  3214 53.821  0.00101 0.00197  0.05  3.40 66.493 128.632 109.526 22.038 10344.134
 X  3214 53.872  0.00114 0.00194  0.29  3.36 66.497 128.625 109.524 22.038 10344.048
 X  3214 53.924  0.00136 0.00191  0.70  3.30 66.501 128.619 109.522 22.039 10343.942
 X  3214 53.975  0.00162 0.00187  1.16  3.25 66.505 128.612 109.520 22.039 10343.829
 X  3214 54.027  0.00186 0.00185  1.58  3.21 66.509 128.607 109.518 22.039 10343.715
 X  3214 54.078  0.00205 0.00184  1.92  3.20 66.512 128.602 109.517 22.040 10343.604
 X  3214 54.130  0.00218 0.00185  2.18  3.22 66.515 128.596 109.515 22.040 10343.501
 X  3214 54.181  0.00226 0.00187  2.33  3.26 66.519 128.591 109.513 22.040 10343.401
 X  3214 54.232  0.00226 0.00189  2.35  3.30 66.522 128.585 109.511 22.041 10343.302
 X  3214 54.284  0.00215 0.00190  2.16  3.32 66.526 128.580 109.509 22.041 10343.210
 X  3214 54.335  0.00191 0.00190  1.76  3.33 66.529 128.574 109.508 22.042 10343.124
 X  3214 54.386  0.00155 0.00189  1.15  3.32 66.533 128.568 109.506 22.042 10343.050
 X  3214 54.437  0.00113 0.00188  0.42  3.31 66.537 128.562 109.504 22.042 10342.982
 X  3214 54.488  0.00070 0.00188 -0.33  3.31 66.540 128.558 109.502 22.043 10342.912
 X  3214 54.539  0.00032 0.00189 -0.99  3.33 66.543 128.553 109.501 22.043 10342.839
 X  3214 54.591  0.00004 0.00191 -1.47  3.38 66.546 128.547 109.499 22.043 10342.765
 X  3214 54.642 -0.00012 0.00195 -1.74  3.45 66.549 128.542 109.497 22.044 10342.684
 X  3214 54.693 -0.00014 0.00198 -1.78  3.52 66.553 128.536 109.495 22.044 10342.604
 X  3214 54.744 -0.00006 0.00201 -1.63  3.58 66.557 128.531 109.493 22.044 10342.533
 X  3214 54.795  0.00008 0.00202 -1.37  3.60 66.560 128.525 109.491 22.045 10342.463
 X  3214 54.846  0.00021 0.00202 -1.12  3.60 66.564 128.519 109.490 22.045 10342.389
 X  3214 54.897  0.00027 0.00200 -1.00  3.58 66.567 128.513 109.488 22.046 10342.314
 X  3214 54.947  0.00022 0.00198 -1.09  3.55 66.571 128.507 109.486 22.046 10342.248
 X  3214 54.998  0.00007 0.00197 -1.34  3.53 66.574 128.502 109.484 22.046 10342.191
 X  3214 55.049 -0.00010 0.00196 -1.64  3.53 66.577 128.497 109.482 22.047 10342.135
 X  3214 55.099 -0.00021 0.00198 -1.84  3.56 66.580 128.493 109.481 22.047 10342.070
 X  3214 55.150 -0.00020 0.00200 -1.81  3.61 66.583 128.488 109.479 22.047 10341.999
 X  3214 55.201 -0.00007 0.00203 -1.56  3.68 66.586 128.483 109.478 22.048 10341.933
 X  3214 55.252  0.00014 0.00205 -1.16  3.72 66.590 128.478 109.476 22.048 10341.878
 X  3214 55.302  0.00041 0.00205 -0.66  3.72 66.593 128.473 109.474 22.048 10341.823
 X  3214 55.353  0.00073 0.00201 -0.07  3.66 66.597 128.466 109.472 22.049 10341.766
 X  3214 55.404  0.00107 0.00194  0.55  3.54 66.601 128.460 109.470 22.049 10341.704
 X  3214 55.455  0.00135 0.00185  1.09  3.38 66.605 128.453 109.468 22.050 10341.641
 X  3214 55.505  0.00153 0.00175  1.44  3.21 66.610 128.445 109.466 22.050 10341.586
 X  3214 55.556  0.00160 0.00167  1.59  3.07 66.614 128.438 109.463 22.051 10341.535
 X  3214 55.606  0.00155 0.00163  1.50  3.01 66.618 128.430 109.461 22.051 10341.484
 X  3214 55.657  0.00133 0.00168  1.12  3.11 66.623 128.423 109.459 22.052 10341.430
 X  3214 55.707  0.00096 0.00184  0.43  3.42 66.627 128.417 109.457 22.052 10341.372
 X  3214 55.757  0.00047 0.00212 -0.46  3.94 66.630 128.411 109.455 22.052 10341.314
 X  3214 55.806 -0.00004 0.00248 -1.39  4.61 66.634 128.405 109.453 22.053 10341.254
 X  3214 55.856 -0.00047 0.00286 -2.19  5.33 66.637 128.400 109.451 22.053 10341.193
 X  3214 55.906 -0.00079 0.00322 -2.79  6.01 66.640 128.395 109.450 22.053 10341.132
 X  3214 55.955 -0.00099 0.00351 -3.15  6.56 66.643 128.391 109.448 22.054 10341.049
 X  3214 56.005 -0.00104 0.00371 -3.24  6.94 66.646 128.386 109.447 22.054 10340.966
